id,uuid,first name,last name,email,created
1,409cf3b6-d1d9-43cd-b9ce-903dcdfbe1e0,Amber,Hunter,oali@hotmail.com,2020-03-01 22:06:54
2,279b490e-eef6-4a07-9649-e6c6e734d8de,Barbara,Gutierrez,reyestimothy@reed.com,2021-01-16 01:57:59
3,99e91a96-27f3-4daf-bdac-e02cbf3b1374,Melissa,Ross,kenneth39@colon.com,2021-01-05 19:06:30
4,3f762d8f-827c-41c1-a97d-7e80550af6a3,Felicia,Cox,townsendryan@yahoo.com,2020-06-27 12:12:46
5,d9132a8f-8d4f-426c-8944-7af4a4bcd04a,Ashley,Mathis,narellano@jordan.net,2020-05-11 05:13:55
6,956d21a1-f1f5-4111-83ad-d9bc6fff6117,Brent,Roberson,shannon38@baird-romero.com,2020-05-17 09:44:09
7,b17883da-e42c-440a-92d7-1c9978dbfda5,Travis,Marquez,ashley08@brooks.net,2021-01-15 07:20:06
8,672cb320-5930-4d44-a7cd-a589fd3b4bd2,Briana,Hughes,brady91@gmail.com,2020-06-27 19:36:47
9,b44ceb1c-4cff-4f62-bd74-b488373c42e7,Wendy,Rodriguez,james58@hotmail.com,2020-03-02 22:16:56
10,0ff95b5d-fa2d-4b47-b95b-8e35dcc054a1,James,Ortiz,nicholas53@hotmail.com,2020-11-08 05:44:36
11,7f403961-1255-4aae-a806-c65ee0e52774,Kenneth,Phillips,lescobar@miller.com,2020-06-27 15:06:24
12,21ddb9cd-b7cc-43dd-be3a-bfc685da4d3c,Amy,Mcdowell,dawsonjennifer@yahoo.com,2021-01-08 23:08:39
13,0ac57192-bec0-43dd-bbed-3767ce64a360,Gloria,Johnson,wooddavid@castro.biz,2021-01-06 16:07:08
14,4c3c3115-9350-4a35-a5bb-b8aac91c47ee,Jessica,Hudson,igrant@gmail.com,2020-04-21 05:57:53
15,32dfa889-3eea-4e6c-8fd5-0c3e6f4fa8a7,Sara,Cruz,robinbonilla@hotmail.com,2020-11-21 01:45:50
16,7579d7c6-54a9-4012-b6b3-8adac7248908,Nicole,Hendrix,zdurham@randolph.com,2020-11-06 20:13:37
17,4d67541e-8244-4764-ae46-19030b8fabfd,Gregory,King,kleindavid@oconnor.org,2020-08-01 06:26:38
18,8edad2a1-dd79-4f5a-9f80-662332d799a1,Beth,Sullivan,gmorales@thompson.info,2020-11-13 12:21:05
19,6bc67e68-9f68-4e97-85a0-611bf0fed702,Ray,Harris,davenportcheryl@bates.com,2020-06-15 07:53:54
20,4d8bc3d1-0e93-4927-a67f-a5a6e37729e8,Jennifer,Gonzales,jbrown@hotmail.com,2020-02-28 17:49:18
21,e12972a7-d39f-435d-9535-c76e87c30996,James,Juarez,paynebrian@hotmail.com,2020-08-20 01:20:49
22,9637b78a-4b3d-49dd-90db-95356a861b3b,Jerry,Johnson,darryllambert@gmail.com,2020-11-19 07:55:52
23,295626e4-84ae-4637-9417-c588551a158f,Jim,Ward,oliviaschmidt@wilson-cooper.com,2020-07-01 01:24:37
24,42cbe7e1-57a2-4e8b-bc93-76087a186ea1,Elaine,Doyle,jeffery35@hotmail.com,2020-03-08 18:26:00
25,cbed1f76-eba9-4e7c-84e0-8f6bb0e059ca,Laura,Franklin,kara29@bauer.net,2020-12-20 13:00:41
26,cf4ecba9-ff54-4439-8520-b31f5aee5687,Christopher,Daniel,anna22@eaton-berry.net,2020-03-14 17:22:45
27,e5716a20-836b-4a65-9e91-ebea799eeddc,Eric,Patel,poolelisa@yahoo.com,2020-03-28 07:51:47
28,f60787cb-2c5f-428f-bbf8-91d084bb413c,David,Solis,vallen@brooks.com,2020-01-26 13:27:12
29,e0de90f9-757d-4e04-bcf5-baaa4028b200,Kirk,Rodriguez,gomezeric@hernandez.com,2020-10-06 20:13:46
30,6669b6e0-3950-45d1-81ed-02c6eeff648f,Kevin,Harris,alexanderkathy@gmail.com,2020-08-24 19:03:15
31,b1bc603a-adb8-4ead-a6e8-b7348c74d928,Natalie,Mitchell,jamesromero@hotmail.com,2020-09-10 00:07:58
32,ad1d944e-8808-49f7-99a6-b7f0b792aa83,Lisa,Newton,goodwinkimberly@curtis.net,2020-02-11 20:13:09
33,3c3ea699-5088-42dd-9230-d3d839fca8b5,Kaylee,Davis,ericameyers@bowers.com,2020-02-04 04:55:46
34,cb7e5dbb-2baa-4026-8a33-aaba47101c4a,Shelly,Rodriguez,aaronmorales@ruiz.com,2020-11-22 06:40:31
35,526687f4-0dff-40fe-b2c5-1cd8af747197,Desiree,Lynch,cmarshall@yahoo.com,2020-05-23 03:41:36
36,6a5f46bc-2013-4c98-89d3-bfbc8762902d,Alexa,Ball,michaelbarker@yahoo.com,2020-04-18 10:56:56
37,0915f2c7-6c59-4c42-885a-12d9f2c195e0,Zachary,Miller,edward98@garrett-bruce.com,2020-04-17 14:40:26
38,8d166a27-a13a-4824-bb8b-b478b4a83899,James,Dennis,mariedennis@yahoo.com,2020-12-14 11:14:03
39,5de804d1-66f7-4e45-8d4c-1e87550622b8,Christopher,Gibbs,hammondsonya@hotmail.com,2021-01-10 14:09:44
40,cd84cab4-8ac8-4a23-aa9c-3ed1bfb129f3,Brian,Rios,ngreen@gmail.com,2020-02-24 15:59:09
41,08458284-ad48-47c1-9b0c-44c5541cbcc4,Kelly,Collins,catherinemcdonald@yahoo.com,2020-12-26 21:03:05
42,a8f73a81-3084-47d5-bb19-a375f36f9470,Thomas,Taylor,sotonorma@foster.com,2020-05-29 07:00:14
43,91a35eae-1725-4da9-aed9-55572a39259e,Ryan,Garza,ashleyhardy@kaiser.com,2020-10-26 11:21:03
44,d43ddac2-529e-4d4c-9557-7eb81cf50154,Tiffany,Johnson,robertford@gmail.com,2020-10-02 20:59:55
45,5767bf60-164e-4f5d-9dc5-84e2e75606b9,Todd,Aguilar,austin66@hotmail.com,2020-07-14 02:30:50
46,1551833d-2259-462f-8593-fab1bb1882af,Joseph,Cooper,leonardlucas@hotmail.com,2021-01-02 15:41:39
47,c1b6574c-b055-42d2-ba4c-4b56a32839c7,William,Reynolds,wagnerjessica@yahoo.com,2020-11-02 21:20:13
48,c3a65160-3fe6-4def-97da-06946c56342f,Donna,Alvarez,nmiller@castro-grant.com,2020-05-12 22:24:05
49,13ddf119-e094-423c-8137-a9729046b4d5,Brianna,Bullock,kaufmandaniel@walker.com,2020-04-12 05:05:28
50,294def8b-f31d-4bbf-9a42-e46fe5372170,Brian,Carter,martinjames@morgan.net,2020-09-09 07:02:40
51,a7000ce5-e4c0-448a-a878-e3d8bf12a82e,Jasmine,Dunn,brittany83@gmail.com,2020-04-16 14:26:24
52,217ca12f-aaa8-4b7c-9298-5203e7cf07fb,Sherry,Gallegos,joseph35@mathis.org,2020-03-14 07:32:51
53,f77db821-0b92-4078-acf2-e013f8a34736,Audrey,Sandoval,bishopwilliam@gmail.com,2020-09-30 13:01:11
54,249778a5-40c2-4758-94d1-7659d8c46ab0,Michelle,Nelson,iyoung@lawson.net,2020-12-27 02:23:08
55,bbb4eebc-a010-4892-accf-aa649815232a,Sean,Ayala,guerrerocurtis@reyes-bauer.com,2020-07-08 06:11:07
56,f7af0945-318f-4e61-942c-594b2a2620b5,Brad,Wright,hamptonsamantha@gmail.com,2020-08-19 10:18:04
57,f07f62e5-a8e2-4b70-9c5b-71f1c9648599,Jacqueline,White,taylorgriffith@hopkins-lopez.com,2020-09-01 17:55:44
58,b96fdb88-d90d-4a12-8bb5-2226e32ae9c0,Heather,Oneill,joshuadavis@yahoo.com,2020-04-02 02:04:25
59,e8e7393b-4307-4ad8-a6d7-5dbd8ad3a922,Ruben,Chen,nicole08@horton-barrett.net,2020-09-20 10:51:09
60,5ed4921e-bc02-4198-beaf-6390958c0306,Jennifer,Ruiz,ramirezmartha@smith-porter.net,2020-09-05 08:57:36
61,4b333c50-e7f6-4c59-918f-f4df995eb4ef,Phillip,Jordan,oliveranthony@gmail.com,2020-12-22 13:42:15
62,e3fe8599-949f-4d61-b711-e3883db8c816,Kenneth,Burton,jesse69@yahoo.com,2020-03-13 01:09:14
63,78370f08-9c0d-4273-9e8e-a19561739354,Joshua,Massey,kmontoya@gmail.com,2021-01-13 09:27:06
64,a1a21f59-cb95-41ee-8bd4-403b0e4a1f26,Molly,Yang,hayssteven@hoover.info,2020-06-01 15:41:41
65,9110ec77-c955-4037-a6d9-97024c547c81,James,Martin,linda52@brown-howard.com,2020-10-09 08:48:32
66,ea5ace0c-ecf4-4dd7-901e-10b3afb72abf,Derek,Roberts,willie14@hotmail.com,2020-02-18 03:06:54
67,3a057145-645b-4eed-911f-c994da4c6543,Bryan,Woods,matthew32@schmidt.biz,2020-05-04 18:02:13
68,57169132-c1ad-40fa-8151-4bb02238d244,Erin,Wilson,hernandezjohn@blake.com,2020-12-30 07:54:04
69,5f120081-ffd5-4b8c-aee6-508e37dc3766,Jorge,Jensen,scottcontreras@gibson.com,2020-02-02 08:11:01
70,f2823231-93dd-44ab-aa63-1dcb036098d7,Monica,Woods,welchmichael@gmail.com,2020-09-28 20:57:28
71,b68daf22-751f-4cf2-95ea-022d2ff3cc7b,Nancy,Torres,scarter@daniels.com,2020-11-20 20:32:00
72,303ad028-870e-415e-9147-a1339af48cbc,Katherine,Wiggins,josephevans@yahoo.com,2020-10-15 19:57:07
73,619e5d8b-0b1d-4ef3-b05e-f7cae3cbf15e,Rachel,White,smithgabrielle@gmail.com,2020-09-11 20:09:15
74,38d81365-0b1c-442b-a7da-145141753981,Larry,Wagner,gail32@wright-lee.com,2020-10-06 17:10:51
75,ec56c3be-460e-43a7-9cc4-12d43f046d08,Tony,Jordan,raymondwiley@robertson.biz,2020-06-01 01:11:47
76,10ce1a83-528f-4830-9111-63a1dbca501e,Heather,White,crystal76@gmail.com,2020-03-26 08:14:48
77,d83dc2f5-9ef6-43eb-9765-a0aa651bb75a,Susan,Ortiz,gail78@gmail.com,2020-08-13 20:01:53
78,bbd15cac-09ae-42ec-8187-01a767c1ec4b,Anthony,Brown,andersonrandy@gmail.com,2020-11-18 06:34:26
79,6ac6379b-c5c8-4356-8da1-e6fc1c965d06,Robert,Hill,mariazamora@dennis.com,2020-02-14 11:49:38
80,8f76942a-3b42-4ad5-9d72-fcdfd0e3d982,Nicole,Allen,jallen@yahoo.com,2020-09-24 15:16:21
81,9b2c9acd-168f-453d-89a6-7aca73e40bf9,Sarah,Riley,burkebrian@gmail.com,2020-10-24 07:11:29
82,2af1d6b4-cbdd-4da7-99c4-160c8e65839e,Veronica,Bowers,garysmith@horn.info,2020-11-03 09:55:24
83,f5486a06-b48e-43d1-a95b-884a4e34f110,Jennifer,Wolfe,sean94@yahoo.com,2020-09-15 10:51:45
84,8bd87fb2-8e35-4ce6-826b-ad7d510a07d9,Joseph,Sanchez,johnsonjohn@gmail.com,2020-07-05 12:39:48
85,2b3d1a71-d0dd-4e22-9207-ce23caa4ddf6,Adrienne,Sanders,qvillarreal@bender.com,2020-08-03 16:43:57
86,d9eaf604-37af-49c5-8d66-e2ac19a12410,Rebecca,Franklin,juliaarellano@gmail.com,2020-03-02 00:51:46
87,1585a608-bf37-4431-903e-b35a6996ff1b,Mary,Harris,kevin49@bell-wallace.com,2020-11-04 03:19:49
88,39dbb9c6-1eda-4a1d-9eb8-894be05bd6b5,Stephanie,Barker,hartkevin@gmail.com,2020-07-28 03:05:34
89,4363dee1-59bc-4798-9329-bbdc7e630295,Julie,Crawford,brianadams@hotmail.com,2020-11-03 18:51:38
90,d3957415-aec5-4980-98f5-e785a0ff0fdb,Anthony,Wade,paul71@gmail.com,2021-01-05 08:50:20
91,abd69dce-2a55-4741-a38c-b61abd902c10,Raymond,Campbell,beckermike@hunter.net,2020-02-16 02:45:43
92,b50f5457-9de1-4945-b4a6-1b21012d7633,Jacob,Stephens,sarah93@pope-morgan.net,2020-04-26 08:52:15
93,e57142e4-709a-4491-9639-b405ef063e10,Holly,English,bellwilliam@adams.org,2020-12-02 16:54:27
94,c9d6df3c-3ef0-4bc3-b677-56f12481fd12,Jesse,Salazar,tamararhodes@sparks.net,2021-01-07 19:28:49
95,70043eb4-f77d-4b9f-9c74-f0ec6ec1e4ba,Louis,Williams,sarahanderson@yahoo.com,2020-07-15 15:16:45
96,86e310f0-9e9f-4244-ba48-58020124f812,James,King,jeffrey61@gmail.com,2020-12-03 19:25:34
97,752f2321-a0dd-4188-8870-8ab55272c587,Anthony,Davis,kellyjohnson@armstrong.com,2020-10-26 00:25:17
98,ce5d29ca-ef1a-4365-a813-58ddc7939199,Matthew,Arellano,xhuynh@hotmail.com,2020-08-17 10:44:53
99,c815ce86-8b5e-44c8-9194-2a242edfb5a7,Peter,Hodge,mario60@yahoo.com,2020-08-13 03:40:57
100,c2202ac3-12ae-4030-9816-07c404823bdc,Martin,Wong,jonesandres@gmail.com,2020-02-24 10:20:16
101,ffed92f1-d04b-4f5e-bb99-555c7cfa5945,Robert,Pham,kelly53@yahoo.com,2020-04-01 21:36:10
102,b7aba618-c4ee-474a-9edc-60f33a008cb9,Sheila,Elliott,lindsey11@cruz.com,2020-06-17 01:51:06
103,b36ace3f-5b57-4edb-b60f-3e90dcdb43a5,Amber,Ward,georgemay@sexton-lopez.org,2020-10-03 18:04:42
104,d6507d84-9f48-43b4-81eb-64609147cd21,Christopher,Martin,michaelhenry@yahoo.com,2020-06-15 21:33:51
105,df1f5f57-3960-4c6e-84f8-ec0093d26423,Tracy,Montoya,nsmith@thompson.net,2020-08-10 08:46:23
106,cac6d3ea-db82-41bf-a02a-ea52af70d44a,Andrew,Marshall,burtonsamuel@thompson.net,2020-12-28 03:41:54
107,b5d11095-653f-458b-8bb1-3ffd80fb1f77,Eileen,West,bryanhumphrey@gmail.com,2020-09-04 19:17:57
108,2ec69d93-aa83-434e-9130-1ec54795d7bc,Kurt,Watson,michaelbarber@brady-edwards.info,2020-01-31 13:55:11
109,9cbceb99-6bb2-4ce4-b592-3dc9ba9959be,Danielle,Taylor,erin29@mcdonald.net,2020-02-06 06:46:18
110,f3829a77-5e5a-45d4-ad5d-d3a1a9283f89,Mike,Ferguson,priceandrew@higgins-smith.com,2021-01-23 15:12:31
111,e98e7ff5-198b-4e40-b4a8-daa400c19dbd,Melanie,Martin,vincent89@rivera.com,2020-10-02 07:37:17
112,aa2fc18b-42eb-4bd9-8f6b-989eda9c6360,Jamie,Stewart,paige99@hotmail.com,2020-03-28 22:29:09
113,9e3d208c-16f9-42b7-9d5b-ed4044b2f872,Matthew,Villanueva,virginiascott@yahoo.com,2020-11-26 21:27:12
114,99fa5bc3-2d47-42e7-8243-f387b7bca578,Nancy,Jones,tracy79@hotmail.com,2020-11-16 23:23:04
115,2cdb9018-39ee-43e2-847c-b7edc30f37f1,Cynthia,White,lauren04@merritt.org,2020-08-27 00:52:48
116,9bf446a8-565e-4bef-a08b-e37bdebc976e,James,Coleman,haydenhouse@hodges-moon.org,2021-01-22 09:23:48
117,8847620f-208d-4bba-8cb5-f57463d95cd7,Kenneth,Stephenson,annabradley@salazar-daugherty.info,2020-03-20 05:17:01
118,bc176c4a-d99a-4d74-88fb-9440db22f06e,Amanda,Frey,grahamscott@yahoo.com,2020-02-20 18:29:42
119,567faa0f-3147-46e0-af06-6de400f3f545,Jeffrey,Wood,teresa44@hotmail.com,2020-10-29 08:38:57
120,42a663da-ccf3-4f95-b01c-4b5beb7aec59,Shannon,Michael,brianpierce@nelson.net,2020-08-19 09:30:27
121,a2fced67-23f9-482c-8d34-0a00ba4ded72,Kristy,Martinez,cantrellkenneth@hotmail.com,2020-04-14 20:24:11
122,4a2847b2-79d2-4ec7-bfd8-cd3e11c01e05,Richard,Allen,chad82@hotmail.com,2021-01-23 07:24:02
123,133dce94-a581-40d8-a4d3-31772c60640f,Andrew,Park,pricejoshua@butler.info,2020-10-08 05:35:50
124,fb878172-e067-4191-90e2-57ac971e6786,Scott,Nguyen,carlahorn@lane.com,2020-04-22 03:14:11
125,e41b8df2-4c4b-4e6a-ae4d-3fa94aec9306,Anthony,Rowe,ramosisaiah@hotmail.com,2020-03-26 11:52:53
126,d419e07f-792c-471b-b146-05baa93667e2,Katherine,Joyce,sheila08@kaufman.com,2020-06-29 12:09:19
127,7806c265-190c-458c-aead-5baf780176dd,David,Rodriguez,brownjennifer@hotmail.com,2020-09-14 20:23:02
128,20cfa69b-3bae-4ac9-b6b6-f165bdbfdb1e,Nathan,Ware,tiffanyreynolds@delgado.com,2020-07-01 11:11:06
129,3e920922-0bd4-4157-8ce0-a8dda09bca9e,Donald,Cervantes,davidturner@gmail.com,2020-03-30 14:26:40
130,53d852b9-91aa-43df-a910-747366669119,Barry,Wilson,twall@hotmail.com,2020-02-05 16:12:29
131,38a62005-2aec-4834-b73b-7522414f60ff,Amanda,Johns,johnscarolyn@yahoo.com,2020-08-22 15:07:39
132,24db7d55-28ae-4e64-9d07-4cc71b2dc191,Jody,Zuniga,barneskatelyn@white.net,2020-03-23 17:19:47
133,63eae545-618a-4541-9015-b28b1a1f52c6,Steven,Barber,mitchellnichole@underwood-morris.com,2020-06-26 03:41:59
134,f6cd42db-17d1-4961-ad01-00a8962c9eb3,Sierra,Tyler,juan68@hotmail.com,2020-05-29 18:49:30
135,f09684d4-24ec-4c2a-93c1-0f7b197a2323,Elizabeth,Riggs,robert35@gmail.com,2020-11-14 09:35:36
136,5c8f0055-f7ec-44b8-9400-1f8c45834bc2,Christopher,Evans,glee@gmail.com,2020-11-09 19:23:10
137,444817c9-ec45-4aa4-841a-847f7b4fb2d2,Donald,Castro,fostermichael@gmail.com,2020-03-11 09:27:21
138,ecfee9af-dbe5-42e9-b438-88f1de8f4b34,Jessica,Hernandez,khoffman@hotmail.com,2020-12-27 01:38:33
139,7a654155-276e-462f-885c-1963c34c9a7a,Candice,Moore,xsmith@campbell.biz,2020-04-17 12:52:11
140,a859b16b-bba1-42d7-8b1b-2652b0da7ce8,Dillon,Ballard,alopez@gmail.com,2020-06-17 01:54:13
141,3df2eaa2-c8fb-4f0b-889d-6fe0a12bc4c1,Anna,Odonnell,james83@best.com,2020-06-16 18:41:55
142,db6d27cf-8b59-4642-87b6-1d5db8348cee,Robert,Rose,maloneashley@rivera.com,2020-09-26 05:07:40
143,8e08cb89-d4dc-42e7-b5d1-d4fbb34f72aa,Christopher,Wright,ronaldflores@yahoo.com,2020-06-16 01:39:44
144,38db2c0e-53d4-4975-b8ef-e5a4d8761ca9,Christine,Ford,grosslynn@gmail.com,2020-07-23 01:05:09
145,1bf6765c-9a57-47bb-bc93-32c5d461f52d,John,Chen,lanekatrina@hotmail.com,2020-04-27 21:11:21
146,84273eb9-11f6-4c78-af2f-04d9dbb7778e,Richard,Smith,gary71@phillips.org,2020-08-30 01:58:08
147,0f3bcbc2-77d7-468c-bde3-1ae9f6916c42,Christopher,Fuentes,sgarcia@gmail.com,2020-04-22 04:00:05
148,7c89cd7e-467f-4949-81e5-74896f9e49f3,Nathan,Harvey,johnsonmichael@melendez.com,2021-01-08 07:51:51
149,12df8a03-7e94-4fe7-8140-a4951393acf2,Andrew,Curtis,hamptonjeffrey@yahoo.com,2020-05-06 16:50:07
150,3f2be6aa-401a-49c1-a943-486a52bb6d1f,Peggy,Griffin,mollygonzalez@robinson.com,2020-02-26 06:00:33
151,f6e2ab11-bdeb-4cac-bd92-3756066e82d3,Cameron,Jacobs,allisonjackson@gmail.com,2020-09-24 18:22:22
152,9605b489-26ab-45ae-8370-88c062d8c433,Tyler,Armstrong,matthewcole@yahoo.com,2020-04-02 20:24:10
153,cdfe17ed-9e8d-4177-a8ab-4dfab44cbb11,Sheena,Johnson,hboyd@yahoo.com,2020-06-17 12:09:00
154,21d288ef-9802-409a-b515-6385c994a1e9,Shirley,Landry,sbeltran@hoffman.net,2020-09-09 09:02:59
155,81af5db7-9515-4be4-bdc1-3d144ab990b9,Juan,Harper,boyerlisa@hotmail.com,2020-02-06 06:52:07
156,f37fb58e-c7b2-4c8a-9eb6-ab7de7910ddc,Courtney,Thornton,tracy85@wilson.biz,2020-07-13 09:18:42
157,ebd6af0d-d5d6-47b7-821c-cfe324c867fd,Susan,Santiago,todd52@fisher.biz,2021-01-16 12:50:22
158,96d5f3ad-d94a-4ee5-8490-a16c3fa27aee,Mark,Hernandez,smithdaniel@reed.com,2020-09-12 20:15:18
159,c1ad4dd5-754f-492b-a078-53f740a7853d,Molly,Holmes,gabrielmendoza@quinn-smith.info,2020-02-26 08:54:22
160,cb16e7fe-fa37-4f23-b75f-a9ef84cf14f2,Sean,Serrano,mitchellvalerie@gmail.com,2020-02-07 23:49:52
161,fedee501-e85c-4132-8e3a-4884c33dd196,Elizabeth,Cuevas,daniel25@yahoo.com,2020-07-13 18:45:59
162,7696c496-cb29-4248-be92-85a88c892e90,Jason,Schmidt,hinesricardo@gmail.com,2020-11-14 01:04:38
163,7c3c0a01-cb76-4151-95a8-0dd704841cab,Holly,Smith,heather85@hurst.net,2020-02-29 07:43:26
164,3c05b7f6-b966-406a-9327-041bd5f44225,Sarah,Gilbert,lharris@hotmail.com,2020-09-26 14:21:08
165,b186c139-dd45-4649-ac23-91e9e976b7dd,Joseph,Owen,beverlymiller@santana.com,2020-08-12 01:07:57
166,9bb80b8d-99d2-48cf-9bcb-c20f54b32fb2,Morgan,Johnson,alyssavasquez@gmail.com,2020-04-11 23:22:10
167,b6216cf0-0421-417e-be29-3a8803b7b4fa,Donna,Marshall,sward@gonzales-rice.com,2020-04-29 11:38:18
168,02086fbf-785c-4eaf-94c0-13c40e913c25,Anthony,Gonzalez,fbrewer@yahoo.com,2020-12-09 20:56:17
169,d11fd9ff-9c30-4899-8838-663821f44203,Elizabeth,Martinez,freemanlinda@holmes.com,2020-02-14 10:27:18
170,c5bb54b3-43db-4b79-b398-29627eacb3f4,Stephanie,Martinez,jimenezalex@spencer.com,2021-01-17 10:05:07
171,2bb0d2f4-b4fc-4822-9e7c-fd9789404a13,Kimberly,Mitchell,freese@meyer-carlson.com,2020-10-21 07:00:48
172,4ea919be-4227-4e7a-80bc-1cddfcf6a48b,Timothy,Robinson,jennifer04@gmail.com,2020-06-13 12:06:00
173,99cfdc9b-09e2-465b-89bc-1deb02b1bf29,Caitlin,Valdez,pwatkins@yahoo.com,2021-01-04 10:54:53
174,f5c13b78-c6ea-4cbf-94d6-12c3fae1fd1d,Savannah,Mccoy,rodriguezmanuel@wilson.com,2020-08-10 15:51:16
175,5f355e81-a8e9-47f4-8b3c-0a888ae7458e,George,Reynolds,stacy69@white.info,2020-12-02 19:37:11
176,63d667d6-3a97-45c1-958e-61cc794364bb,Matthew,Francis,jennifermorrison@gmail.com,2020-08-15 17:38:58
177,f1aaaa57-153e-49d9-a0cf-e6e3840517a9,Michael,Barnett,dday@yahoo.com,2021-01-24 01:42:48
178,2795c853-eea0-4470-8c2a-3e088e9d15d4,Joseph,Smith,kristenmalone@clark-freeman.biz,2021-01-12 03:55:50
179,aa602bdc-0154-4dcf-89d2-c8297ad4d6cd,Douglas,Patterson,scallahan@gmail.com,2020-12-17 05:13:40
180,cf34b00c-10e4-48be-a8f5-638a3588c24d,Timothy,Norris,zwillis@yahoo.com,2020-02-09 05:53:41
181,22e90080-9fc2-4d5f-b457-afc92380cc10,Brittany,Smith,bettymathis@smith.com,2020-11-07 13:52:21
182,0b386b25-a99d-475d-b265-f3877de49442,Vincent,Newton,qpearson@gmail.com,2020-05-29 22:48:24
183,79a52da3-e3b0-4a22-ad1b-a4f16b62fc11,Jacob,Clark,michelle61@kim-adams.com,2020-10-15 00:57:23
184,4af030c7-a9e9-4f6e-a0b5-a21e31f10574,Sherry,Morgan,matthew70@white.com,2020-04-17 10:15:18
185,3a8d31d6-7f3c-40cb-ab95-8bc49bd48443,Daniel,Hernandez,xtaylor@yahoo.com,2020-04-19 00:37:19
186,faa07d4a-f70b-4977-80f0-27d1031372b6,Juan,Frost,sandersrobert@yahoo.com,2020-08-13 12:35:16
187,77492837-7ffc-4429-bd21-d90b7cb1a93c,Brittney,Olson,rodriguezthomas@yahoo.com,2020-06-14 19:56:49
188,42e2591b-a499-4557-bf3d-f3b991bc7093,Linda,Peters,tiffanylee@gmail.com,2020-10-07 03:33:20
189,3c9b133f-a96b-4255-b0bb-028fae7cfdfd,Laura,Howard,david52@gmail.com,2020-10-08 20:36:06
190,8bd337fd-5461-47d7-bfd3-62ca2aa51985,Jesse,Morse,carlareeves@bush.com,2020-10-23 03:42:50
191,46e18cfc-f759-446f-ab34-b679a5551ea2,Larry,Rogers,ucarter@yahoo.com,2020-10-22 03:39:23
192,c0aa9538-b418-4ecb-a924-59a6c9443c43,Johnathan,Pace,smithmiguel@yahoo.com,2020-05-20 09:44:01
193,14a6ad78-2ef3-4aee-a94d-1b45245a65c1,Suzanne,Hanson,tonyabrooks@hotmail.com,2020-04-01 09:05:53
194,2cc3aea3-4c84-4be0-ba72-368a8c3263f2,Joseph,Gonzales,christiansalas@gonzalez.com,2020-11-26 17:26:07
195,e180c61e-8778-40af-b34e-aadba5ac348f,Holly,Case,diane19@hotmail.com,2020-08-07 00:32:12
196,ad3f8a8e-8ace-4d79-bf6f-57069e2b7c2d,Justin,Hampton,alan16@welch.com,2021-01-17 12:40:03
197,e50e529b-ef23-48e3-afa8-496896f07281,Kenneth,Kramer,kanedavid@wright-vargas.info,2020-02-16 18:25:10
198,b0c25e24-5832-4647-a7c6-02b7a04264ba,Angie,Payne,adkinslori@yahoo.com,2020-07-27 20:08:10
199,e7031a41-28f5-4ea1-b5ec-20ea9f57adb4,Scott,Henderson,nicholewilliams@green-gallegos.com,2020-07-23 09:08:46
200,4ce9978e-6aad-4ab1-9b89-2b9aa80242a3,Joseph,Brown,cjones@yahoo.com,2020-10-07 08:30:56
201,604e6c27-5561-4ede-9931-f6a3fc742fe2,Lauren,Carter,campbellcarlos@davis-williams.com,2020-08-21 13:43:43
202,a95d5941-b9df-46db-9281-9193bc66d399,Hayden,Smith,tmckay@garrison.com,2020-10-01 19:38:15
203,8ac94c0e-db74-4ce5-9a32-bffc3fd1afa1,Christopher,Hernandez,steven10@ramsey.biz,2020-05-07 03:48:30
204,87392d73-66fb-48a6-b166-76c4344c2849,Heather,Kline,youngjoe@jones-mitchell.info,2020-05-07 00:11:03
205,43912955-8531-430e-ab92-8bc6b1bb79f7,Aimee,Schneider,jennifer81@hotmail.com,2020-03-17 17:06:06
206,b46953a4-aa87-409e-9b15-3c89fcac4ca8,Daniel,Parker,andre84@hotmail.com,2020-10-04 20:03:09
207,d56f3dd6-147c-43dd-bbb4-c7b7d045b3fb,Robert,Harris,vhill@jenkins.com,2020-05-11 15:20:59
208,013e4181-6fbe-41c6-9c44-2e67a7622108,James,Taylor,zhunt@yahoo.com,2020-09-27 13:20:07
209,8fe6eba9-b133-49b0-a8a2-99158c47476b,Ashley,Page,ogonzalez@hotmail.com,2020-07-26 08:43:35
210,e3f2516b-67a9-41c4-8a37-b2ec12393957,Jonathan,Jones,wilkinsontyler@gmail.com,2020-02-04 13:33:30
211,e3b08401-8a50-4565-aa65-ad12d16c2366,Jennifer,Atkinson,shawn80@yahoo.com,2020-11-20 10:37:34
212,b9aec9e0-13fe-4bb7-91c6-8b710d8a1216,Shari,Berger,stacybaker@yahoo.com,2020-09-21 23:11:29
213,fc1e1726-1c98-4861-b69b-96c6aba7d4a0,Christine,Solis,jeremy66@hotmail.com,2020-11-09 07:36:00
214,526c7e40-1666-4f09-8e98-6199173b3720,Ronald,Reid,smithaaron@mcdonald.com,2020-05-03 18:21:18
215,89e1d110-42ad-43e8-b6f9-97fe58b1b3c3,Brenda,Gonzalez,thomasfarmer@cochran.biz,2020-05-29 02:13:58
216,754101d8-2646-4c10-8d3d-bd0294ffb91d,Anthony,Velez,michael84@bell.com,2020-03-15 09:19:55
217,46d6ec4e-4b8b-48ed-9ec4-e07f844217aa,Sally,Fields,madelinevargas@brown-green.com,2021-01-17 08:01:30
218,1aec9b9c-9555-4917-9888-d7623b71d370,Aaron,Nunez,blake52@sloan.biz,2020-12-16 03:52:15
219,d1b42473-ea76-4bc4-93a7-746e2db0330f,Jessica,Guerra,susanthompson@downs-le.com,2020-04-26 00:37:08
220,ba4910f6-5f7f-4b20-9676-adfe428b0bf2,Derek,Cox,kristinestokes@yahoo.com,2020-08-05 06:16:52
221,0812987a-cf25-4d80-8ec6-0b265790dfd9,Robert,Williams,alexanderalyssa@sheppard-ruiz.com,2020-10-15 03:55:07
222,38f64769-7cd9-4372-a501-60c99a691b65,Jasmine,Washington,nixondustin@lamb-thomas.info,2020-05-08 17:03:26
223,3343a200-6bf4-4be0-96a3-6ea27884c8a6,Michelle,Martinez,tmartinez@gmail.com,2020-06-14 11:58:38
224,fcd2615f-0c1a-48cb-a818-d474fb84d9bc,Erica,Hart,lhart@bean.com,2020-09-07 21:41:00
225,e99c3bb4-e221-4087-a3e9-0ec0f59fb333,Michael,Beltran,heatheracevedo@yahoo.com,2020-08-05 14:14:08
226,471b9f90-2b2c-4060-b9b3-3077a99ee490,Michelle,James,vlewis@gmail.com,2020-10-18 11:25:26
227,4749b142-f00b-4acc-bcf0-76ef12478e73,Seth,Jacobson,courtneyhanson@gmail.com,2020-03-23 11:29:22
228,53d62754-04b6-43cb-ac5a-2d6d286df0c1,Cody,Peterson,estradaerica@crawford-lewis.org,2020-05-08 10:30:20
229,7f19b0eb-a980-4400-ab97-681243a5f8c3,James,Butler,heather56@hotmail.com,2020-02-04 01:58:36
230,ab1de4b4-5ee3-460d-bca6-93c749c1c433,Michael,Lopez,zevans@reed.com,2020-09-20 15:47:24
231,0d71f9a6-42bf-434a-8cbc-87697c4dbf9d,Ryan,Aguilar,clarkemelissa@gmail.com,2020-04-18 04:02:46
232,320ac7f4-225b-4f15-86cc-5021b2e3c719,Jerry,Pham,smyers@oconnor.com,2020-07-25 03:26:10
233,0dadd8fb-b49a-4126-851c-b9d934c43878,Courtney,Robinson,bradperry@gmail.com,2020-08-09 21:42:15
234,1bd8413b-a670-40d0-b3e2-553eb1b947ef,Cassandra,Johnson,usanders@hotmail.com,2020-05-08 05:09:47
235,278db619-fd81-4e78-9103-f018e3c3039f,Crystal,Foster,odiaz@gmail.com,2020-04-21 23:31:06
236,f8c00bc2-4018-4087-b231-62c27b8d5626,Jack,Holt,amyvaldez@pope.biz,2021-01-17 11:57:05
237,3d02f4e1-06d0-4576-93ee-be1d183f0394,Gary,Sims,jamie80@lynn-wilson.info,2020-08-03 20:47:59
238,88befe73-d237-412e-946a-f3af84bbc9b0,Steven,Knight,wilsonnichole@yahoo.com,2020-12-10 05:53:10
239,09079ecb-f303-46bf-9665-cbf1887f68e7,Theresa,Smith,chowe@gates.net,2020-12-21 01:54:08
240,1bc4db07-c6ef-4bd4-be00-8cc5f3602d3c,Brian,Porter,april15@smith.com,2020-06-24 07:05:08
241,2fcd9f1c-38de-445f-8240-0fb8780220cf,Natasha,Ramirez,ronald36@gmail.com,2020-06-09 18:02:55
242,5d8d0858-6fb9-4fe5-b804-3e73eb06eb00,Kevin,Sawyer,brandonowens@yahoo.com,2020-09-28 03:59:29
243,16e9e3e6-9777-44cc-886f-c1687f19df70,Carlos,Washington,sloandavid@morgan.net,2021-01-25 03:05:52
244,5c4a31f3-b183-4cde-885a-046011ea38e8,Robert,Graves,thompsonjeremy@hotmail.com,2020-03-27 17:11:16
245,59992780-e89e-4f5d-afb8-5c4bf6a9fe59,Kimberly,Alvarez,nsanchez@alvarez.com,2020-07-31 21:17:17
246,83664bb4-eba7-4543-bcd7-a8f7f5eb0d3c,Nathaniel,Young,pmartinez@simpson-miranda.com,2020-06-25 20:26:59
247,27601220-6b53-4f2b-936f-caece6e0b2d9,Gabrielle,Nichols,rhill@yahoo.com,2020-10-18 02:28:30
248,ed8a39fb-5474-40c4-9d3c-0b57b81ef0bb,Alexander,Doyle,dtaylor@cochran-medina.com,2020-04-08 15:32:55
249,90be9e32-9d23-4776-aab0-63842ba0ee32,Craig,Walters,letamara@hotmail.com,2020-10-09 22:15:16
250,6ec8cfd4-9eed-4451-b25d-80df6f4274d4,Angela,Stone,ericbrown@richardson-bradshaw.net,2020-06-09 01:30:18
251,63a905ed-3f3a-40d5-88f9-bdcb04f4daf1,James,Huang,wilkinsonshawn@yahoo.com,2020-07-11 00:39:37
252,70bd3100-6e9f-410d-a0d7-ed154c2aac87,Allen,Gomez,johnstonbrian@hotmail.com,2021-01-22 21:37:09
253,d4e6917b-7040-4145-abe5-92109b6a7bc1,Jessica,Cherry,annejohnson@hotmail.com,2020-05-10 21:56:53
254,3c2beb98-a8c9-4690-a2e7-92be0e19fcc4,Victor,Waller,smarshall@bray-roach.com,2020-06-14 07:47:07
255,354b0035-c0df-4d5c-a986-f115a463da0f,Daniel,Bonilla,dennis90@hoover.net,2020-05-10 21:51:45
256,3930c36f-20db-4c68-8f64-02f8d9b25366,Cody,Morgan,zpeterson@hotmail.com,2021-01-04 20:44:28
257,cf55ec51-6f5c-49ec-9670-97828f47cf26,Joseph,Craig,avargas@hotmail.com,2020-02-01 04:39:18
258,ad425609-6c53-4bfe-8d62-663621aa7dc1,Melanie,Rios,mmurphy@hotmail.com,2020-08-16 03:12:56
259,f8fba1a7-5719-4393-a28a-650a11c11502,Destiny,Norman,zwarren@pearson.info,2020-04-03 18:55:10
260,829f4971-242f-4a07-a09c-3b11f5483d9b,Nicholas,Manning,garywells@yahoo.com,2020-05-30 17:13:10
261,c5eccca1-fc1f-44fd-bd7d-49b6029ef770,Adam,Garcia,waltersbenjamin@yahoo.com,2020-05-04 03:57:22
262,3b45ec6a-66d2-4232-85d0-5722e0ccadc4,Andrea,Gray,martin30@yahoo.com,2020-06-15 17:07:58
263,f959e64e-96f7-45e3-a02d-92aa41fea4ba,Ryan,Greene,charles34@gonzalez-mercado.biz,2020-11-27 22:47:46
264,5997131d-1829-4912-96b5-accb1168a667,Maxwell,Figueroa,matthewperkins@castro.com,2020-06-26 21:33:58
265,67dfa6fc-2cad-46d9-81dc-48c407c48879,Rachel,Herrera,nicole83@morris.com,2020-12-15 17:05:01
266,2d645285-d393-493d-a20d-de1ac10537af,Andrew,Garcia,sarahgiles@thompson.biz,2020-10-02 10:11:19
267,1ca0e4ee-0c25-40a5-98c2-b60f246ee910,Cynthia,Wells,benjamin97@fowler.biz,2020-09-15 16:51:36
268,efcd0a9c-e4d9-468b-bf4d-ad49ce39e2c8,John,Franklin,baxtersherri@hatfield.com,2020-04-18 13:58:31
269,c0b35ced-6d40-4d3b-973e-2c6ee4c56456,Brooke,Mendez,tdaniels@bauer-black.info,2020-02-09 03:13:55
270,08da692e-9ec1-4531-9ffd-b195d74329fc,Michelle,Peterson,bhenderson@jones.com,2020-05-18 03:33:23
271,5c7216b1-17bd-4d03-81f0-0220d508c29f,Craig,Scott,jeffrey58@gmail.com,2020-03-19 06:55:15
272,140b1c59-d57d-4a81-bf68-7fb2f5c6ca69,Kevin,Owens,eadams@yahoo.com,2020-01-27 15:43:44
273,66d9cb73-5cca-405d-947e-38d5922a2c45,Wayne,Mccann,xjohnson@patterson.com,2020-03-21 21:12:11
274,eff99869-3260-40fb-b2d8-1bdd3ace3e7c,Nicole,Garcia,fsanders@gmail.com,2020-12-26 10:20:20
275,f636ce86-0db9-4fc3-8a33-16ec0d601cc6,Thomas,Molina,havila@hotmail.com,2020-04-20 11:35:33
276,ff596f0a-0187-492b-afcd-c637ac1f1ebc,Henry,Pitts,jimwilliams@gmail.com,2021-01-10 12:27:59
277,d1ec903d-09f1-468a-8e63-507bfcde78af,Olivia,Hughes,christopher69@jefferson.biz,2020-05-04 20:12:14
278,05decf08-9d69-4501-bcca-ecaba8c7b9c0,Tyler,Goodwin,jimmy01@hotmail.com,2020-12-03 02:08:19
279,0016a04f-c8c5-41b1-ba87-360d270abc37,Andrew,Turner,margaretwallace@yahoo.com,2020-04-18 06:23:11
280,8ffc89a9-0a94-4659-b05c-1c53c36190e4,Mark,Skinner,robertsmith@perez-perez.biz,2020-02-02 08:24:09
281,29c5fba2-ad3c-4aea-a17c-1da066704d25,Benjamin,Fisher,yroberts@miller-carson.com,2020-12-25 13:33:30
282,8a3466dd-0afb-40d3-bd86-862cf5df5e95,Nichole,Patterson,ccallahan@henry-carson.com,2020-03-10 03:43:48
283,78c06903-72d9-41dc-b896-e4a5bb29ba4e,Kathryn,Moore,evan07@yahoo.com,2020-11-04 04:21:01
284,0fdccfc0-351e-4bd9-aade-6f099cbf6267,David,Craig,ramirezeileen@hotmail.com,2020-07-24 10:06:51
285,5ec7ad46-a603-4463-8e95-3d3569888a84,Tina,Russell,navila@hotmail.com,2020-09-02 16:47:28
286,d5d9f2c2-91cf-4bde-a937-04f8f0d8ff65,Stacey,Sherman,ulee@nolan.com,2020-07-14 06:24:04
287,7b119782-d9f6-48e4-a379-cc087bddae09,Erik,Stephenson,teresa57@harmon.biz,2021-01-15 20:14:37
288,fee2f7e9-6ab8-476c-95ec-212972835485,Ruth,Hooper,christopher18@hotmail.com,2020-03-26 00:41:08
289,f52ee971-5395-4f70-bea0-19fc5fdf905e,Deborah,Pierce,uhill@yahoo.com,2020-05-12 07:51:06
290,5b3e39e4-c41c-4f0b-a52e-efd52e45e815,Kathryn,Moore,thompsonlisa@hubbard.com,2020-02-12 02:58:31
291,2b039a49-9abd-4a4e-a236-237bb5f67e5b,Thomas,King,michaelrobertson@sanchez-finley.com,2020-05-31 05:53:09
292,630fc16a-c7b9-43e5-b489-a8a02616fa54,Ray,Turner,sethellis@salinas.com,2020-06-16 21:29:13
293,c65b5810-0b9d-4e86-a44a-0c04457a7ee4,Andrea,Gomez,lamamy@garcia-phillips.biz,2021-01-24 02:27:19
294,d86566a3-9eff-4810-b340-d5a120020736,Brenda,Thompson,tiffany88@yahoo.com,2020-07-24 01:52:27
295,561d26ef-7501-4ef3-8d01-b3bc3d08fe6d,Margaret,Powell,eric04@white-franco.com,2020-11-06 18:05:18
296,582ac212-7fff-4e00-bed6-dcb372cc307d,Michelle,Vang,elizabethwilliams@hotmail.com,2021-01-17 21:47:47
297,006d99a2-9e61-45c3-aa1d-cd6e60c3e824,Joshua,Stewart,ibowman@gray.com,2020-03-18 01:51:37
298,2d227db2-456c-4989-9230-148d8557743f,Stephanie,Murray,nbeasley@yahoo.com,2020-02-11 22:41:22
299,02d8e062-546f-4ebf-9c2b-6de6b3bcc1c3,Alexis,Adams,zmeyer@hawkins.biz,2020-02-24 10:20:56
300,0a8a427d-c7a0-4e49-abb0-c7972e3b06cc,Tiffany,Doyle,villarrealangela@jenkins.com,2020-10-20 19:12:57
301,af5c5b4b-e6fc-4280-934c-7e98827c8127,Laura,Luna,xbanks@yahoo.com,2020-12-07 02:01:10
302,6254cdc6-2d2d-4129-96d4-76aadc579785,Sara,Lopez,rachelnelson@gmail.com,2020-03-06 10:44:20
303,7413937e-7a44-4e83-885a-0e19e3daf992,John,Ward,coreythompson@yahoo.com,2020-02-23 19:10:44
304,324fc7ac-3f0e-4faa-8ca0-26a563674e9a,Joshua,Hall,emartin@poole.com,2020-10-21 06:52:14
305,279e428c-8955-49da-b77a-719d17e70a40,Kathy,Christian,jessica85@yahoo.com,2020-02-29 06:30:22
306,fdcb78ed-abed-4224-8e22-ea4ccf95a832,Steven,Willis,jonathan02@gmail.com,2020-12-25 08:55:30
307,95b61eb2-3503-4a04-a4fd-52946fe29973,Stephen,Tran,calexander@clark.net,2020-05-30 16:27:21
308,7e57764f-18e6-4845-93cb-463f4d52b706,Shannon,Bridges,hernandezjennifer@fisher-lee.com,2020-12-12 04:17:52
309,4836bed3-9a1f-4cdf-84ba-f685fc73120e,Andrea,Martin,castroandrew@martinez.info,2020-09-05 01:02:39
310,b86cdc77-3e4c-4f7e-8250-942825393b6b,Alyssa,Chen,vpalmer@rice-ramos.com,2020-12-12 17:05:54
311,60c171d1-9bd3-454a-83d0-6d2a54a02126,Matthew,Simmons,kristinemoore@gmail.com,2020-09-28 17:08:46
312,c1487784-177b-4d8a-a393-1e42b9c1b1c7,Deborah,Villa,curtisjanet@yahoo.com,2020-01-29 16:27:25
313,d96dfbea-fe21-4ff9-aeba-6e03ef8fa2d6,Richard,Copeland,webbangelica@hotmail.com,2020-09-17 18:06:11
314,f081148a-96d6-4b64-b44f-1afbc4609e87,Kenneth,Wiggins,vwilson@gmail.com,2020-09-21 05:56:04
315,f33dd998-0a09-43ba-bb4d-e434eb74bf6c,Gabrielle,Marks,austin83@hotmail.com,2020-02-07 07:30:59
316,4ea6c487-f2bd-4fc9-9052-62f12437df92,Charles,Brown,skinnerstephen@hotmail.com,2020-03-14 09:51:02
317,4fd5b86a-90b3-4043-8299-d1dccc0389e1,Kyle,Barber,samuelowens@gmail.com,2020-10-21 13:55:56
318,3db1d48a-cc78-43f3-8cb8-59f9d7f35614,Joshua,Reynolds,qbrown@clark.org,2021-01-07 16:31:19
319,226da9d8-a9ff-4785-a14d-8b02697ba851,Robert,Miller,davidhendricks@hotmail.com,2020-06-25 23:44:27
320,fa9440b9-2a15-4dc4-8090-80640decbab2,Shawn,Rose,andrewbutler@hotmail.com,2020-10-18 12:04:15
321,cd3138a5-6e03-4d3a-8011-eb379de11a9c,Derek,Lewis,jill52@hernandez.com,2020-07-02 00:42:24
322,d1826ad9-43c9-4115-a912-b042cf42a642,David,Peters,umalone@brown.com,2020-12-15 23:33:16
323,ffafbe92-9ea1-4e49-bbba-84b54d283f1e,Andrew,Martinez,brittanydouglas@alvarado.com,2020-11-20 22:42:26
324,f2e0c942-0daf-46b6-ad92-61cb97c5eab4,Stephen,Smith,dcarter@gmail.com,2020-06-18 05:07:17
325,096c3979-c957-4023-b352-0351621ec5f5,Jill,Rivera,stephanie78@hotmail.com,2020-05-10 21:08:06
326,b57ede4d-de1f-4780-a7b1-0ae1929579b8,Donald,Hayes,gordonjon@stafford-hogan.net,2020-07-06 09:06:13
327,6991d163-e72a-4e7c-bf71-613e16520bf3,Julie,Conway,phillip94@walker-frost.com,2020-08-11 20:41:28
328,90a273a2-9691-43ce-bc2f-c3af129735dd,Benjamin,Harper,samuelkim@johnson.net,2020-05-03 02:12:37
329,197aea39-774b-4360-8a9b-172ddf89bdbd,Lisa,Banks,mariagreen@roberts.info,2020-11-30 21:07:02
330,17fafc78-fbfc-42d8-878b-971b4feb65ad,Miranda,Evans,morrisrobert@gmail.com,2020-04-10 12:51:07
331,1f9ec84f-e1f3-4033-9e4e-8cd12c3a2ff4,Jared,Andrews,nathangonzalez@hotmail.com,2020-06-24 17:01:25
332,565aecdc-7c3d-4e92-867f-593f6b17a781,Samuel,Silva,martha03@davis-mckee.org,2021-01-23 16:45:59
333,b9d6781a-73f5-4dd6-a0bf-a6752364ee76,Barbara,Sutton,debra31@brooks-ford.com,2020-02-06 14:06:12
334,8d0ab745-be25-4080-9a33-23851a753361,Brittany,Nichols,darrell78@yahoo.com,2020-04-10 17:33:53
335,8070f714-8ba9-4a6c-81ed-402ef59503f2,Cynthia,Peters,leenathan@brennan.info,2020-03-06 21:02:46
336,a49928b9-3280-403e-87b1-c5c793ad8c10,Timothy,Ponce,sara10@conrad-preston.com,2020-02-25 10:46:17
337,72a94bd9-802c-4430-976d-8b47f9734961,Andrew,Evans,tball@gmail.com,2020-03-08 10:43:41
338,bf1d8bbe-bf18-419e-a916-d8eea6c47fe1,Danny,Floyd,andersonjared@smith.info,2020-04-20 20:37:30
339,62099469-f431-43af-91d5-2fe9e611013c,Sarah,Beasley,john55@williams-richardson.com,2020-07-18 12:03:16
340,3d606998-3adc-453e-a3ea-21c71fe43a78,Thomas,Kim,hannahaustin@hotmail.com,2021-01-23 22:21:48
341,7c66e1f3-a72e-4e31-9f10-f4f3aa3a6aef,David,Davis,tbarnes@hood-wolfe.com,2020-12-12 18:32:08
342,934a69bb-c95e-4cb6-93c6-b4a75866679e,Maria,Hansen,nsparks@white.org,2020-11-09 22:56:58
343,fd4127dd-575e-46a3-91da-38ebcaef3a70,Anna,Wilson,pruittrobin@hotmail.com,2020-11-21 03:10:43
344,702e2721-be35-4fea-88f4-4d10a33a5aaa,John,Wilson,matthewsantana@graves.biz,2020-07-18 03:30:59
345,c58a4c75-b632-4352-a59c-e7dfbaae9a0f,Eric,Adkins,ronnie63@wilson-mccormick.com,2020-04-07 23:39:10
346,0572f526-cb44-4c44-a719-78832aefc156,Emily,Riggs,flamb@ferguson.com,2020-02-05 21:07:47
347,1c5d3bab-0603-41d9-b47c-6d0d6a7c4fca,Timothy,Shepherd,xharrison@thomas-williams.com,2020-10-11 12:58:18
348,9427b17b-a820-4205-8c28-6c4c97084a11,Rhonda,Ayala,michael57@hotmail.com,2020-02-29 19:36:01
349,a5657122-5c8f-4bea-a834-7288e409a0bd,Bradley,Stevenson,johnbruce@smith.com,2020-02-19 18:38:29
350,88a36e4d-260f-4d5b-bab6-cf24c0bfa5b5,Katrina,Lopez,lorigarcia@gmail.com,2020-09-07 04:03:46
351,da18cae7-da11-4b16-a1f8-28023e7fa9dc,Garrett,Harrington,atkinsonchristina@orr-smith.com,2020-12-02 13:11:38
352,e9b45e09-4eb6-4f92-92b1-ec8a28b95409,Christopher,Snyder,gabrielle77@gmail.com,2020-10-18 04:26:22
353,032c30f9-8f73-4340-a81e-40f1bdd7b696,Crystal,Mercer,ashley00@perez.com,2020-02-23 15:20:10
354,af24d7f5-cda7-4abd-8be1-951c950ddf71,Shawn,Hall,mercermichael@rodriguez.net,2020-05-07 09:52:15
355,8001fbdb-1d5a-4cb5-a351-96fc7c779dd4,Jeff,Castaneda,vmay@delacruz.org,2020-06-26 19:20:36
356,ad72b21f-d074-4a67-bc7b-12d01ae417a6,Brian,Ramirez,lauren79@powers-jones.com,2020-10-23 00:04:47
357,3c7dba37-fc2c-492e-a528-9194b974896f,Andrea,Adams,ecunningham@hotmail.com,2020-12-20 22:36:30
358,ed6d84d0-cf99-490d-b6ca-2ef504ba29f1,Mark,Murphy,mariahsmith@hotmail.com,2020-06-29 08:51:44
359,7b58bd2a-733c-4fb7-9ae5-30e5241c7a30,Scott,Ramirez,ballen@yahoo.com,2020-10-20 02:05:38
360,1ba59e1f-5194-4e6d-92ac-6e593a6888a2,Latasha,Chapman,caroldelacruz@yahoo.com,2020-04-15 13:48:24
361,8d0cbf64-e2bf-48d2-b52e-9281c1da641d,Cody,Matthews,gallegosalejandro@hotmail.com,2020-06-20 21:29:31
362,57f4d662-ccf2-4492-b8cc-f7294a15a77e,Sheila,Huff,staylor@yahoo.com,2020-03-08 13:23:52
363,e94bbdc4-f4f2-4166-a46e-813ceef83b97,Russell,Jackson,victorweiss@kerr.com,2020-05-11 01:15:58
364,5085c8a2-c6b4-44b1-8f8b-b56a2f7d51ff,Stephanie,Leonard,matthew89@mcconnell.com,2020-05-07 05:53:26
365,2a977bde-a045-4455-8af3-428bd7326c12,James,Davis,maria76@gmail.com,2020-11-03 06:27:43
366,625ad833-7851-4f52-b944-e97aa6c09167,Mary,Cox,mcleanjason@wolfe.org,2020-07-14 15:18:04
367,951a3398-4cb3-4138-abb6-4720309fd927,Stephanie,Melton,kennethmeyer@yahoo.com,2020-05-31 07:23:05
368,581645ff-14dc-4478-b897-5ca88345ca42,Charles,Carter,donald80@diaz.net,2020-08-13 00:13:08
369,bac32e8c-4f28-4660-ad35-153675694d7e,Amanda,Brown,wolson@james-miller.com,2020-04-02 16:04:54
370,da25ea27-0775-48db-be49-ca3badbb9326,Margaret,Knight,austin68@arnold.com,2020-07-28 20:12:19
371,a9d60e60-4923-4d8b-a273-8c9badf17c9e,Nathaniel,Rodriguez,jonesdalton@park.com,2021-01-23 01:26:03
372,d01a5f17-a0d5-4079-9dbe-648f7ceca25c,Michael,Williams,scott93@coleman.info,2020-12-09 05:34:40
373,7f7d50e3-dc54-459f-9b7c-dd9a62326208,Lisa,Holt,rodriguezlauren@yahoo.com,2020-08-10 00:12:49
374,dab01e19-9026-41ef-9b8c-8a3bca9f14a4,Betty,Cook,daniellerivas@miller.org,2020-12-16 09:54:58
375,bc49f7b5-1ada-465a-bab8-2e0289eac46a,Edward,Baxter,oturner@gmail.com,2020-08-29 00:03:20
376,602b73a6-552d-4a1d-8b5d-106e09317b54,John,Smith,jameswilliams@yahoo.com,2020-09-21 13:39:57
377,0b41e68b-9070-490d-9090-e8283add05d1,Thomas,Mitchell,davismarcus@hotmail.com,2020-08-29 21:13:29
378,93b221f2-299e-4c1e-b8db-31d96dec38f7,Ryan,Bryan,william23@gmail.com,2020-05-23 17:26:29
379,8cc2c419-e7a6-4e6b-9d10-6880ac9d91e3,Cheryl,Hall,tonya70@pineda-miller.info,2021-01-15 11:48:41
380,dc1a7752-6324-4000-8a7a-8a8026a6ceb1,Amanda,Kelly,brian71@gmail.com,2020-07-27 00:52:10
381,cb62ee42-2ede-48c7-bbf9-508682d45e27,Christopher,Pena,christopher23@austin.com,2020-04-04 13:06:41
382,3394e0c4-4f96-4a36-8d5e-e26b9f398f13,Julie,Porter,creeves@reese.com,2020-10-16 22:57:40
383,3002b2c5-bf22-4455-874a-7d5035611d7f,Lori,Johnson,pennycohen@reese-coleman.com,2020-07-30 00:38:58
384,9d37035a-a1ce-4acf-843c-67d705283add,Barbara,Santos,johnsondavid@young.com,2020-04-11 05:54:43
385,b7b7410f-9eb7-457d-861a-4c12efcfb2c6,Jean,Hill,kathleen63@mason.org,2020-06-03 21:54:30
386,13d402b7-2ee2-4539-be78-34edfc8d81c8,Andrea,White,tim88@gmail.com,2020-01-27 06:58:50
387,e96970ae-4733-48b4-b719-25f9a95c7962,Diana,Wilson,garciaalexis@yahoo.com,2020-07-31 11:35:32
388,51f52bc0-db67-4540-bb07-ac13a5d17fb2,Nicole,Hernandez,stephanie42@gill-lambert.com,2021-01-25 13:08:50
389,4edddcf0-8adf-459d-9164-ad61916388e7,Matthew,Sutton,clarkelizabeth@cunningham.com,2021-01-21 21:41:45
390,a188f505-e8d0-477b-8ae1-4b6fcd11e4a5,Victor,Shah,xhester@lee.com,2020-04-04 02:37:51
391,376a1158-2a57-49e2-a624-7eea648d0505,Michele,Whitney,kara65@hotmail.com,2020-05-12 13:42:35
392,6fb6989c-7dbb-4eae-ad5f-7e26dd461510,Collin,Cohen,katherine16@norton.com,2020-05-25 00:58:26
393,0f0c10e9-205f-40bc-84c6-8a4dcc459fab,Anthony,Castro,zgross@gmail.com,2020-02-29 16:55:01
394,55da8cf3-10f8-4141-978a-cdb64ef3a581,Jessica,Salazar,melvin51@gmail.com,2020-11-05 19:10:04
395,637ad8a0-0547-4a43-b394-b5ac4050c875,Edwin,Santos,rodriguezangela@warner.net,2020-11-14 01:18:48
396,2c31af28-40fd-4026-8b33-e3439efb516f,Scott,Webster,wtorres@ross-hayes.com,2020-02-11 16:48:21
397,83262698-7fb2-4db0-af08-7e495eb8c5f0,Rachael,Parks,kendrablanchard@yahoo.com,2020-01-28 20:12:52
398,0e8a4109-864d-4bb9-9a9e-33d38a4e78f2,Christopher,Evans,robertomcguire@mahoney-taylor.org,2020-10-05 09:24:09
399,f8c366d3-c110-4306-b94e-a4812ef684d6,Daniel,Hunter,cpittman@fernandez.com,2020-04-13 17:24:48
400,0bd0292d-c06d-4dff-81ca-7e524a36be72,Johnathan,Williams,qweber@houston.com,2021-01-01 06:22:38
401,9ac54590-676b-4e9b-ad84-15fec31fb736,Stephanie,Martin,russellcatherine@mitchell.com,2020-09-24 15:08:44
402,ed8a165a-290c-4e39-bb60-40b28b28e94c,Justin,Carter,saguirre@yahoo.com,2020-09-23 03:25:22
403,1dabc8ba-98e1-4470-9223-d21ee0d37bc7,Sara,Kane,uthomas@hotmail.com,2020-09-17 11:06:39
404,335db590-8cc4-4058-824e-3397552b6a54,Kim,Richard,stephanierobertson@mann-kennedy.biz,2020-11-07 07:37:28
405,27eed3be-63ba-4f66-a057-de9d97c0bf07,Shawna,Henderson,hpena@wallace-wolf.biz,2020-06-17 12:28:20
406,bdfa7675-116f-47e3-a998-dcc9f31f2ee3,Sean,Riley,amiller@yahoo.com,2020-12-23 17:55:14
407,69ddd561-3864-49ed-a341-f012b16b8b16,Christina,Berg,mollyglenn@ferguson.info,2021-01-15 20:48:01
408,98658557-b77b-4044-a960-6b1cc68d3a6f,Stephanie,Jones,earl11@gmail.com,2020-02-22 03:07:40
409,eaf29850-9960-430c-bd5d-9088c490a9da,Michele,Holloway,sharpjackson@gmail.com,2020-02-26 05:38:24
410,f9cc1dc4-6fe2-4b0b-9d26-cf8f5c52d0d3,Brittany,White,xcampbell@hotmail.com,2020-02-24 14:02:36
411,25f6d3d7-82c8-4346-be29-73bdedd7f039,Morgan,Kelly,aprilconley@yahoo.com,2020-07-01 19:56:14
412,494d6da5-a7f1-442e-9853-5715a05aeb88,Ronald,Williams,vbenson@miller-johnson.info,2020-04-29 16:22:24
413,f7700d02-6874-4536-9bc3-aabe8bcdec14,Michael,Pearson,christopher56@hotmail.com,2020-04-16 12:34:11
414,e516eedc-3ce0-4c61-a79c-871a83f93c62,Jacqueline,Johnson,cruzjared@hotmail.com,2020-10-26 11:56:27
415,81a303d7-dd8e-45a6-a665-57b04af73373,Tina,Brooks,amandawebster@cruz.com,2020-03-09 02:13:22
416,2fd30d6f-9183-496d-a15f-16f7a5ba37bd,Kelsey,Stanley,nicholas46@schwartz.info,2020-11-20 16:36:53
417,99deb27e-6711-47bc-a6d4-d607aeb903d4,Erica,Vega,jamie76@cain-watkins.com,2020-03-09 03:33:15
418,819164c8-68f9-47d0-b68e-dcbbf89df3a5,Paul,Fletcher,schultzsusan@hotmail.com,2020-11-04 17:20:57
419,30059a9d-1cc0-40bc-9bfe-6c9a684465c1,Matthew,Reed,smiller@gmail.com,2020-06-01 11:30:52
420,3eac94e6-7569-48c0-9e2d-b635184bc5e6,Jessica,Matthews,dreynolds@wallace.biz,2020-06-13 13:08:02
421,51e5d586-1be6-4d8d-bfe5-b096b6c8cdb0,Lisa,Richardson,hernandezkevin@guerrero-walker.org,2020-11-30 17:14:20
422,9bb53936-413c-42b3-8bfe-ab71e3f1075c,Erica,Snyder,millermelissa@yahoo.com,2020-04-02 04:02:35
423,bc42c44f-9ef4-4f29-94fd-2f6fb09eb699,Adam,Davis,williamleach@hotmail.com,2020-10-13 15:38:26
424,553148ee-e6a2-4887-8032-a66215509623,Robert,Morales,kingmadeline@hotmail.com,2020-07-08 04:12:12
425,59400a7b-d7dc-43fd-9625-151d49735908,Laura,Smith,jaredflores@dorsey.com,2020-12-19 16:52:28
426,930663a7-5b72-4e59-a8a9-32a7f8d0434b,Michelle,Williams,campbellandrew@gmail.com,2020-05-03 19:49:22
427,3648f649-6b01-4e3e-9998-549e3771416f,Molly,Wilson,arivera@hotmail.com,2021-01-02 14:27:57
428,bb943a6a-5058-4194-90d7-75d7616d1d3e,Amanda,Lewis,brett35@moss.com,2021-01-19 01:20:20
429,aca677e0-4824-4516-a89c-7a48020db316,Mary,Garcia,martincraig@yahoo.com,2020-12-06 03:28:56
430,08313432-d654-4a0e-ae6b-bf6107aa89fc,Sharon,Doyle,michealglass@hotmail.com,2021-01-11 09:16:05
431,d84d3778-7616-49b0-87b0-712b9b7d0925,Joshua,George,brookemathis@collins-rodriguez.com,2020-08-23 00:41:36
432,91b44b61-5e70-444e-b2e4-670f6bf0fe9f,Roger,Coffey,alexandria89@avery.info,2020-07-20 02:01:22
433,166d8e75-1792-4ca0-a620-2f748912ceb2,Robert,Santiago,roachrobert@jackson.com,2020-02-20 17:46:45
434,e22311c7-682c-46c2-9528-001bdb8450d8,Julia,Sanders,victoria31@gmail.com,2020-07-20 14:10:31
435,5113f327-a5fa-4299-83c2-e63624f398c3,Megan,Vega,amandanguyen@scott.net,2020-02-07 17:51:08
436,e2f9ddb1-9306-4658-b955-375e91e95125,Erin,Chavez,mcgrathrichard@gmail.com,2020-08-16 02:56:41
437,f64069c2-7252-448a-acfe-f22e6eaf6e60,Matthew,Rodriguez,jamessimon@yahoo.com,2020-11-19 08:12:49
438,a035e1ac-0827-428d-90a6-c441bc2c092c,Chad,Lloyd,tsmith@martin.com,2020-10-04 00:24:04
439,c342d8d5-5a56-404a-b85f-5361dc288e2b,Krystal,Clark,laurenosborne@perez.com,2021-01-13 16:27:23
440,44350e42-5aca-4c6e-98e1-9477e954427d,Jason,Griffith,flara@wright.info,2020-03-29 13:46:10
441,eef7a1c2-a5b8-4865-b25b-e7c674fe35cc,Pamela,Williams,debraboyer@yahoo.com,2020-04-22 20:12:22
442,1625bd02-8110-4367-ad18-d73e86e9d16a,Angie,Matthews,juliehudson@yahoo.com,2020-09-08 15:37:36
443,305593d3-7e01-4829-82de-744b891d1eee,Samantha,Williams,ronaldjones@wilson-wood.biz,2020-07-14 06:44:32
444,e75fd748-16b0-4d66-94c2-777f1c0ae462,Lisa,Burke,simmonsbenjamin@fuller-harris.com,2020-05-19 13:07:04
445,9aff7ea8-ad02-4aee-89b5-ce285ce0b76a,Michael,Moyer,fmitchell@gmail.com,2020-06-10 01:59:46
446,3863a42e-990f-4549-a4bc-83842ef5bf97,Sheryl,Kramer,joshuaskinner@gmail.com,2020-06-29 22:40:58
447,b60c5c60-f85f-4a2c-be26-1c18ab9725fd,Richard,Wilson,jennifer64@gmail.com,2020-02-09 03:44:07
448,886dbfff-1c2d-4312-b318-319ad10d961d,Robin,Chapman,sarahlopez@klein.com,2020-02-11 15:14:53
449,3c0bc8e4-49a2-47f0-9e7c-f987380af30e,Suzanne,Villegas,julian17@hernandez.com,2020-03-21 20:22:09
450,6088aea0-f078-4c60-a32f-873d77d352fd,Mackenzie,Brown,jesseadams@shields-davis.biz,2020-02-02 14:31:27
451,08cdfc29-ba09-407b-b08f-40c6679b4efd,Cody,Johnson,christina12@hotmail.com,2020-03-20 09:35:25
452,754cb023-dd1b-4e84-923b-1fa458cf370a,Connie,Oliver,dylan07@yahoo.com,2020-02-05 07:06:36
453,75269de3-9aab-4204-8539-77e40df48dcb,Miranda,Pace,gallagherrobert@yahoo.com,2020-08-26 11:34:54
454,3ca924b9-c664-48d0-971d-631ebdaa2598,Anne,Campbell,rhonda72@gmail.com,2020-08-16 02:58:07
455,e8725599-cc69-47d8-ac08-eca2a1efe52e,Sabrina,Bowen,gmiller@calhoun-norton.org,2020-04-24 06:18:57
456,3b8e6118-145a-4803-adbe-2749d9adb6c3,Melody,Gomez,clarkjasmine@gmail.com,2020-09-09 07:06:39
457,e4960524-1aab-4271-ab06-4ade364c4676,Samantha,Frazier,elizabeth34@hotmail.com,2020-10-12 07:20:00
458,c0d59784-c1df-4f35-bfaa-dc23f8f549a5,Leslie,Huang,jamie65@hotmail.com,2020-02-13 02:16:37
459,4b6e68de-d702-4a75-afb6-a0fbbc7632d1,Courtney,Romero,rhondabartlett@hotmail.com,2020-03-08 21:46:29
460,328a0a09-aa9c-40a0-b9cc-3ce421c4d906,Cynthia,Dominguez,debbie79@gmail.com,2020-09-13 22:17:43
461,cc25191a-c4fb-485b-adce-38a1b50ff1a3,Jessica,Hamilton,brian28@gmail.com,2020-02-06 15:11:01
462,3f769967-27ca-4833-8fb3-114e4043f31d,Gary,Phillips,hillvictoria@gmail.com,2020-09-02 14:16:49
463,d6e22e73-2a7b-4a0c-b41e-06b542920898,Alexander,Watkins,katelyn22@hotmail.com,2020-06-08 09:56:57
464,ca33afee-4c46-4c08-9d77-ac8fba9ac31b,Paul,Martin,bakergina@hotmail.com,2020-09-09 16:03:55
465,d5c595fe-bb88-4a38-af37-700890d8afab,Erica,Savage,matthewscott@obrien.net,2020-09-26 16:57:51
466,b69e1b96-ef53-49ee-b293-bcb4cae28197,Taylor,Calhoun,adam46@gmail.com,2020-07-20 09:47:40
467,a14aa276-5937-4caf-b5b7-977871cc40b7,Christopher,Mayo,hlarson@saunders-davis.info,2020-11-02 14:41:30
468,877eb8ec-0e56-4d18-a01b-3a43243f5682,Ryan,Love,ttodd@herrera.com,2020-09-03 13:13:54
469,b47305fa-0862-40f1-aac0-1fd475c621d9,Lori,Flynn,milleramanda@kelley.net,2020-08-08 08:10:20
470,be032882-43f9-4d00-89a4-2fd747d18f3e,Roy,Hill,leslierobertson@yahoo.com,2020-02-03 10:02:46
471,8369ecf1-f515-4e42-99f1-affe5f803821,Katherine,Hayes,nancy86@yahoo.com,2020-07-12 02:56:43
472,ebf7daeb-0a20-4b80-9cd3-472b475bdafd,Jeanette,Copeland,smithamanda@gmail.com,2020-10-25 10:46:32
473,eaa2127e-255e-4cdc-89f1-1bc78c043260,Tyler,Lucas,wmills@yahoo.com,2020-03-22 11:49:14
474,e44e9016-03cf-46c6-beac-728f9f630e13,Erik,Hansen,richard39@hotmail.com,2020-09-04 04:39:31
475,f62ca9f1-9ebc-410f-99ec-afe9f7a42855,Keith,Patel,andrewcarter@myers.com,2020-09-10 22:27:09
476,4d5232fd-82df-4691-bb48-eda8f89b1116,Ryan,Barton,richardslindsay@yahoo.com,2020-12-28 20:40:46
477,e22a4f37-311d-4742-9c2f-362b71173895,Colleen,Harris,benitezbrandon@moore.com,2020-11-20 23:41:35
478,4d2c15f7-ba10-4fa7-82a7-489c70ec85fd,Diane,Parsons,jamesmarshall@gmail.com,2020-04-16 07:50:47
479,c43251cf-450b-49d4-826c-b0a3e02607fe,Arthur,Andrews,fhill@yahoo.com,2020-02-21 03:01:46
480,ac40abd5-f385-40b8-8d38-a4556ecfd5d5,Brenda,Martinez,hjohnson@long.biz,2020-03-20 21:18:31
481,d8ccaa5e-89c2-4f98-a03b-5b3209dd710a,John,Lee,william50@hotmail.com,2020-02-23 06:11:04
482,91c58360-d686-4a8e-b168-02dbbee7a646,Bobby,Little,abarron@freeman.com,2020-09-02 23:24:16
483,f5e05558-ea14-4c44-8532-1826c16efd9a,Kelly,Lopez,raymondbrown@torres-cunningham.com,2020-01-31 03:10:40
484,af293cb9-0109-4bca-90de-51b820b6a8af,Russell,Edwards,thomasjeremy@myers-davis.com,2020-02-25 06:05:00
485,e567cbd9-9ce7-42d2-bd03-c8200e3b2166,Diane,Reynolds,oyoder@freeman.com,2020-05-23 13:57:10
486,e649e2da-b182-4c09-819f-8492ca83a4f2,Teresa,Bennett,alexandria17@wilson-pope.com,2020-02-14 03:04:12
487,01fe02b5-5472-4ef4-b178-9c16be1a2468,Bradley,Sanchez,jacob34@klein-johnson.biz,2020-08-19 14:09:19
488,9f5ced78-0856-4e85-b384-0370ee8ab527,Donald,Johnson,stephen62@burke.com,2020-08-19 20:03:33
489,0490886e-5a41-41c4-8911-96bfa12e590c,Scott,Herrera,leonardsoto@yahoo.com,2020-08-05 05:18:02
490,3cc4d7e2-c06a-483c-ad02-f86828f458e3,Nicole,Elliott,christophermalone@garrett.com,2020-04-23 21:08:33
491,b115be1f-b60e-4cb2-9016-742b26eee10f,Sharon,Hart,loriwilliams@martinez.com,2020-08-30 12:20:23
492,527dcc40-805d-4c5e-8a04-b7fd0f2b52be,Carrie,Andrade,vashley@hotmail.com,2020-09-02 13:41:41
493,5e4096b0-ec1a-4002-ba71-16e212cdc235,Sean,Hunter,batesalicia@henry.net,2020-08-14 07:11:09
494,131a0eb5-be2c-40c6-a0b3-564828ec9588,Wayne,Adkins,david98@gmail.com,2020-11-18 16:38:32
495,0bde2b02-64b8-4e3a-aab3-8494113d86f7,Scott,Ross,melissa98@gmail.com,2020-06-06 13:36:52
496,85ec385e-7b58-4bfa-9e5d-de4a81dcd979,Samuel,Pruitt,mitchell81@short-williams.com,2020-02-06 01:07:16
497,d1bb553c-bfcf-4335-bd06-cf657ea0dde2,Tina,Davis,askinner@santiago-wagner.com,2020-03-28 19:04:33
498,d6cfd1fc-3be9-4c09-ad61-21c4dbc6874a,Donna,Ward,monica30@waller-shields.com,2020-08-28 14:51:47
499,0f2f8ad4-27de-49f0-bf0f-65e37142389d,Autumn,Mullins,jessicabaker@hotmail.com,2020-10-09 21:04:49
500,1ccb5242-fb64-44bb-b666-ad9a30057036,Haley,King,floydmadison@hotmail.com,2020-01-29 14:09:39
501,8b1c54e6-1e0c-4a9e-b12e-b30fead02808,Kathleen,Rodriguez,youngcourtney@castillo.com,2020-10-27 05:51:12
502,b3e0b4e4-99ae-4620-9987-b82d9c7af24e,Ashley,White,aaron85@yahoo.com,2021-01-15 14:57:30
503,af1384b7-94a2-4cde-8e99-78c415f3af70,Sean,Phillips,veronicaadams@rice.org,2020-02-29 17:17:14
504,e44395b3-a000-4e65-957d-7c214eae2467,Kevin,Parker,michaelmartin@yahoo.com,2020-04-07 16:49:26
505,294f28c5-8b51-4666-be19-479d99f74053,Anthony,Hatfield,erica59@martin.net,2020-08-21 16:29:38
506,7072d5bf-ef2f-4178-8f81-cbfc467c18fa,James,Wilson,qfrazier@cole.net,2020-06-06 08:16:27
507,0389b417-e9d9-44f5-86d3-88751b18c187,Adam,Lynch,amcdonald@hotmail.com,2020-05-28 03:29:22
508,4cc4474c-bb9e-44a5-a785-b5d03f0654bd,Kristie,Castillo,jennifer18@morales.com,2020-03-12 15:12:09
509,471f0935-1281-4f37-8a71-f94b935b2e98,James,Le,wendy73@knox.com,2020-06-13 21:12:01
510,7da5608b-bb20-4b7e-bd0f-d7f738f885fd,Elizabeth,Leach,oparker@brown-ortiz.biz,2020-11-20 04:10:48
511,717f6f91-7faa-42ed-94b2-02ec75fe00e5,Kevin,Allen,linda22@taylor.info,2020-07-07 07:10:53
512,9ed67b55-6d2a-4f27-b852-be76e1ad4002,Francisco,Washington,gibsonrobert@gmail.com,2020-09-22 22:29:16
513,e4e2ba75-eed1-4144-be2a-15db6e223cb1,Jennifer,Vasquez,andersonashley@cook.com,2021-01-08 00:54:37
514,4457ea01-c099-4f66-bb92-f0e2f6bb5e7d,Matthew,Morton,batesamber@gmail.com,2020-10-21 18:04:48
515,8a8203d0-7b7f-4eaa-bfc7-193e0c3ad90e,Ryan,Baird,afletcher@hotmail.com,2020-03-27 18:17:16
516,3a8ca3d1-3012-4f48-9377-8500de6f6c5d,Sarah,Flynn,jonathan13@hotmail.com,2020-10-29 13:43:47
517,52ceca8c-1d69-4717-b001-20f0d637b1cf,Tara,Barr,operez@yahoo.com,2020-12-14 22:57:58
518,274d1958-32f6-44ca-a15d-da4e98cf2327,Randy,Johnson,osmith@lucas-torres.info,2020-11-12 21:38:40
519,89baba85-1874-4c94-8c90-24b87d782099,Andrew,Baker,nancy73@gmail.com,2020-03-02 21:37:14
520,67daeee9-bc72-442a-8d96-2e5630f077a6,Jerry,Rodriguez,hannah41@hotmail.com,2020-02-13 23:59:44
521,96819a66-2b41-494e-a5c3-23db48489249,Laura,Forbes,melissamartin@house.com,2020-12-19 08:17:20
522,2457042b-9187-4c60-91db-9cde3b151e64,Evelyn,Juarez,timothy98@stephenson-santos.biz,2020-10-18 14:32:57
523,4b565cd8-3167-4fe7-b6dd-a7f37c400b2a,Tony,Bautista,tricia70@hotmail.com,2020-09-20 23:53:12
524,70740773-178c-45c0-aab2-56bec75afbc8,Nicholas,Roberts,ladkins@yahoo.com,2020-11-30 23:53:46
525,f461d316-6126-45dc-aef9-5123820929c2,John,Martinez,echan@gmail.com,2020-04-07 17:58:12
526,db79558c-09f6-4bb1-a3e9-90e49d1f2a17,Ryan,Peters,crystal73@gmail.com,2020-10-20 18:29:32
527,c76b809d-83fb-486f-9308-25c2222ba066,Ricky,Robinson,kristi18@richards.com,2020-02-22 08:22:47
528,878e7171-e465-4ade-bea1-755ed052ae77,Alexis,Poole,williamsnyder@le.net,2020-06-29 16:54:47
529,35d9ba19-8580-4550-9394-d046f8645362,Douglas,Walker,taraevans@yahoo.com,2020-05-15 19:22:49
530,e675d27c-ec7d-43a7-b0d6-0974c6d7a39a,Steven,Perry,jamesgallagher@gmail.com,2020-02-10 01:17:27
531,7a52f0ff-026e-4511-8320-75320fa2e329,Ryan,Bell,rhondataylor@johnson-martin.com,2020-11-10 15:32:39
532,d5ebd206-7a98-4895-97b1-2e553a7709a1,Jacob,Reynolds,xcobb@gmail.com,2020-03-26 04:38:00
533,7945c0bf-4ed1-4c19-9f8c-c321fbc2d5bc,Julie,Harris,robert13@jones.com,2020-10-15 23:02:37
534,32cf7df0-020b-4c4a-af9a-466694634102,Sherry,Terry,tdean@gmail.com,2020-01-27 02:50:41
535,1a8458c9-4c3d-47d0-9547-95e661ecfd00,Jessica,Koch,bwhite@klein-patel.com,2020-05-01 18:30:40
536,ec9e150a-00ee-45fe-b2d4-3a7e82d669ae,Katherine,Phillips,rosswesley@hotmail.com,2020-07-21 18:26:53
537,9d0743d4-69ed-49a9-8d1b-35669b94a0be,Cynthia,Griffin,tyler14@gmail.com,2020-10-11 22:39:55
538,c3baa811-200e-45e9-840a-f17901b9a366,Ashley,Schneider,hendersondarlene@hotmail.com,2020-03-13 01:05:00
539,88d51cf7-651d-4810-9b61-3f953460f6cc,Savannah,Figueroa,paul78@wolfe.com,2020-01-30 21:12:18
540,fc5290cf-8a70-480e-a6ca-226abfde1dfc,Becky,Russell,warrenrichard@vazquez.com,2020-09-04 15:30:27
541,f97d5acb-43d0-4f4f-95d3-5a43ab74e544,Timothy,Atkins,jessica32@gmail.com,2020-03-28 15:08:20
542,28cd164f-ee3a-426a-8fc7-4448b6f0426a,Darlene,Hatfield,william99@lucas.biz,2020-06-08 19:11:11
543,7fe35c37-5e6e-42f7-b2f8-baa32f1eb514,Kristen,Hurley,jacksonrobert@white-smith.org,2020-12-13 09:04:35
544,0ed6892d-8941-4811-86f7-82d36b874d2f,Mary,Roberts,cowens@hotmail.com,2020-12-15 15:24:56
545,f3fbca61-e701-4848-ab20-543b9615e693,Kimberly,Bryant,scarter@valentine.info,2020-07-30 15:51:24
546,7a959d4b-4665-44ac-beb9-ed407a741994,Casey,Harrington,sperez@wilkins.com,2020-10-05 12:48:28
547,f4dbf7cb-a4d3-4808-b3bb-ae9713ed98e1,Pamela,Jenkins,sheadana@harrison.com,2020-05-04 07:10:05
548,3e68ea61-60db-4543-83b5-99fe6995cc5e,Matthew,Brown,rjones@gmail.com,2020-02-16 03:38:14
549,bbd0d585-fc27-41b4-88b3-c33c5d3eece4,Michael,Palmer,fclark@potts.org,2020-05-02 17:15:28
550,4072f755-26e6-490f-ac5c-6fe8e3abb36f,Evan,Ford,ian20@gmail.com,2020-09-28 20:34:50
551,845c0f58-0587-4add-9547-169829b75712,Randy,Tucker,ulin@kline.com,2020-04-21 01:15:29
552,98e13fc7-aa9c-475c-9cd2-233921ea5543,John,Henson,harrisanna@yahoo.com,2020-07-04 04:23:13
553,78fbd0c9-0d4b-4fcb-b454-8493e0c10554,Christopher,Powell,sarahpetty@yahoo.com,2020-08-01 21:03:29
554,f88be468-dcc4-41fc-bb96-e8e94b25f766,Jasmine,White,jeffery07@hotmail.com,2020-12-27 18:51:05
555,8ff6e1b9-452e-4a59-a8f9-9e9a4e7ea2bf,Angela,Mclean,williamsullivan@yahoo.com,2020-01-31 14:27:39
556,72ab9708-e086-494e-8e18-630c9b71dcb3,Michael,Scott,flemingmackenzie@bowers.com,2020-12-24 12:21:35
557,abff6d9d-0261-4518-b125-02279a254b8f,Ann,Barnes,stephen87@scott-morales.com,2020-09-17 07:52:22
558,6c337daf-8610-48f0-aa87-374adb975030,Don,Floyd,kristenchan@davis.com,2020-09-26 03:56:33
559,863ed24a-9225-4446-819e-a4a547fac5e5,Tiffany,Miller,oliveredward@gmail.com,2020-08-09 14:27:58
560,c5c71bc3-3bab-469a-997e-072513d82a85,George,Brown,dayalexander@west.net,2020-11-28 08:13:57
561,7a50bc2f-5d85-46ec-aea3-c66221eef6f3,Sheila,Holt,diazjonathan@hotmail.com,2020-08-26 14:07:59
562,cae4115f-fd8b-4aea-aac2-fbad9e858629,Scott,Hudson,jjones@bartlett.org,2020-06-22 12:30:50
563,b1752c90-0dc1-4955-9607-9514004f0d50,Eugene,Mcpherson,kristinasampson@yahoo.com,2020-04-24 07:52:48
564,8794c390-9e04-49fd-a774-a9a456985527,Tyler,Shah,davislisa@yahoo.com,2020-12-20 01:06:27
565,27aebbb4-01c9-418c-8ad8-683154c40147,Justin,Tapia,pattonlauren@hotmail.com,2020-02-23 14:24:31
566,2d6f3a96-80d9-40a1-8062-7536083a0e5a,Stephanie,Harper,ryan94@gmail.com,2020-04-12 01:50:56
567,608c2788-c90e-487b-9375-a45df741add2,Cassandra,Reyes,jaclyn40@lewis-sawyer.biz,2020-09-06 11:46:13
568,e82374ff-b2d2-4f2a-b065-e2c927cc6cbf,John,Mitchell,dchapman@gmail.com,2020-09-11 03:11:11
569,1a4efc37-6108-48d4-86e0-40c12ef46cde,Carlos,Mccoy,joshuajackson@andrews.com,2020-08-09 23:04:13
570,1fcf3f48-9195-4556-9076-e9d72953a7a4,Julie,Cole,erika85@hotmail.com,2020-04-02 18:01:54
571,f316e426-6d43-4052-bb06-20049f175f4b,Brian,Holmes,dustin24@gmail.com,2020-03-28 16:18:05
572,26cc62d6-a7d1-4b7d-86e1-ee2655769197,Jacob,Young,alvarezashley@gmail.com,2020-03-21 09:15:44
573,db6f138f-1697-42ac-b127-1fde317eb223,Howard,Mills,davisjaime@ferguson.info,2021-01-17 09:13:08
574,2a20f1cc-8945-4504-837a-ed14f78c447d,Alison,Gibbs,arianagonzalez@yahoo.com,2020-04-30 20:48:43
575,99675efd-cc5f-4e01-a813-b64c215e2a62,Diana,Martinez,tburton@hawkins.com,2020-12-08 12:27:02
576,9fcef2ce-1376-46fa-bdd8-0872d6fd6d37,Justin,Boyle,williamsbrian@hotmail.com,2020-11-02 00:50:16
577,d424a678-65be-4801-8275-cbad09ffbb39,Raymond,Duncan,ryanjimenez@hotmail.com,2020-10-04 22:56:47
578,6c199f3d-53d2-44f7-b0b4-914b3e746161,Christopher,Mitchell,mary49@yahoo.com,2020-03-27 17:54:48
579,afedcfcf-0c7b-444c-8982-42a21511b2e5,Caitlin,Archer,danielle83@yahoo.com,2020-02-03 17:47:48
580,8c19eb05-c956-4aec-a94d-09ae4271699f,Vanessa,Torres,lynchyesenia@hotmail.com,2020-06-30 18:17:59
581,62c90ea5-7829-4f20-90bf-4ecd7fce69b8,Rachel,Cooper,josephdavidson@yahoo.com,2020-12-19 07:23:37
582,64d021a8-7617-4c61-b1e6-8c7bd35a6873,Monica,George,petersonalexander@davis.biz,2020-06-14 22:28:18
583,2c798514-5045-46eb-9864-cb04380c7350,Brett,Scott,rking@yahoo.com,2020-06-10 16:44:14
584,656c4257-5426-4659-99b5-b2f77c91787e,Sherry,Woods,xhamilton@gray.com,2020-05-21 06:00:19
585,ede0f5a0-f09c-4742-88a7-8832728db26a,Matthew,Scott,perkinsdonna@yahoo.com,2020-09-25 14:11:27
586,f1307c0e-5f22-481c-a428-99a9be15755c,Philip,Watson,orodriguez@yahoo.com,2020-04-24 04:20:00
587,d9f4383e-54ae-42cc-a939-fcaa668449f3,Amy,Meyers,john24@flores.com,2020-08-01 08:47:08
588,7db448d5-dd8c-4e95-af5b-cc36099b141e,Natasha,Hudson,janice54@black.org,2020-08-09 20:43:36
589,ad02024f-6528-49bb-9115-0588cd76a97f,Daniel,Williams,paulmiller@gonzalez-sandoval.net,2020-05-22 08:11:43
590,8ef08430-7c58-457b-9156-b000c440e190,Madison,Hardy,brandon95@yahoo.com,2020-09-23 08:55:36
591,1aefee60-eae9-44f2-b7fa-18598eeb52ca,Elaine,Molina,drussell@gmail.com,2020-11-30 05:52:36
592,1fa9e3fc-cdf9-430e-8274-60a807feb993,Kyle,Stewart,bookerrebecca@yahoo.com,2020-02-01 13:55:08
593,24bb3579-e6f3-45c5-a628-be9f0699ca65,Bradley,Reed,richardmoses@hawkins-cooper.com,2020-10-10 15:57:25
594,c3d6924e-5e91-45f1-8b9b-d97b6e9169b1,Michael,Maddox,roberto67@yahoo.com,2020-05-15 17:29:34
595,50b445e5-0b87-4df8-9861-2fd29a7a273c,Chelsea,Olsen,natalie47@yahoo.com,2020-02-06 13:28:22
596,af1e94ec-85ad-40e3-bfe0-3a98b5310dbb,Francis,Schwartz,justin64@webb-patterson.info,2020-04-12 02:03:58
597,a98459c8-4a37-49a8-9c85-4906e048a511,Amy,Conrad,baileyspencer@flynn-griffin.net,2020-02-13 11:21:00
598,e539ccfb-2b9b-4460-b0c8-e9fdf6b53fa9,Joe,Stanley,sonyasmith@buck-harvey.net,2020-10-02 09:00:34
599,b84500ba-ed53-4179-bb39-ddc5393cf1e3,Dana,Powell,dfowler@massey.info,2020-11-18 06:50:10
600,72aac0ba-a7d5-424b-b294-efed6ae9f6a8,Tracy,Burton,bridgesstephanie@hotmail.com,2020-04-23 23:23:43
601,f90e3eae-3d44-4e86-b042-d944eee3712a,James,Henderson,brenda18@hotmail.com,2020-02-26 11:08:33
602,25ce1f67-fde4-445d-9585-270c4df91cf6,Jeffrey,Scott,jerrydeleon@salazar.com,2020-08-17 06:07:28
603,63710866-ffe9-498d-8061-12594d82d17d,Julia,Mitchell,patriciabyrd@gmail.com,2021-01-05 09:07:44
604,85591ceb-c15d-4d6b-9863-b1288b05ecc1,Julie,Miller,pierceamanda@yahoo.com,2021-01-14 17:03:12
605,7a11ac33-88d6-42e9-b1ba-71f35d90e893,Carol,Luna,kevinroberts@lopez.com,2020-10-26 15:10:40
606,11c31646-7634-4f7a-a666-48b76d70ce11,Angela,Cameron,sylvia05@wolf.com,2020-06-27 05:15:10
607,a9550a59-212e-4232-9474-50f554f89825,Kimberly,Clements,qjones@grant.org,2020-03-09 06:57:13
608,3c26a597-7033-4d1f-952e-152ca3168221,Duane,Williams,ucoleman@gmail.com,2020-02-08 07:11:40
609,febb1111-2410-4f4a-9002-9845c12afe19,Jennifer,Taylor,john87@smith.com,2020-05-15 13:50:36
610,0df9f247-e16e-48e3-ab7c-03e109900d62,Phillip,Nelson,campbellsteven@yahoo.com,2020-03-27 19:43:58
611,e3ec5112-6b37-4bc2-8067-3a341c38690d,Austin,Clark,briannapowell@hotmail.com,2020-10-09 16:52:41
612,53569f2a-c08d-4068-b06a-d8924f892dfc,Susan,Cantrell,brittanyrodriguez@harrison.biz,2020-04-27 11:19:35
613,ed83fe07-49d7-46fa-923f-e552567c1acb,Michael,Costa,collinjones@juarez.org,2020-07-21 19:45:01
614,7dd3dc77-ffe4-4fe9-8b2b-1d220c9b760c,Christopher,Schaefer,stephanie55@hotmail.com,2020-12-12 11:50:02
615,10a26107-e884-45d6-b159-fe42998aa616,Amanda,Aguilar,brian81@hartman.com,2020-06-16 12:17:28
616,3d83169a-a2d7-4b05-a4e7-11929310f9e6,Lauren,Gonzalez,pwood@hotmail.com,2020-07-14 10:01:34
617,92e51511-ce7e-4aed-ba56-cf2060ddee0e,Alexander,Hicks,janetdavis@gmail.com,2020-08-02 17:26:23
618,710f305f-aede-4fe0-9218-a563607d3c7a,Matthew,Wu,jdavis@yahoo.com,2020-04-28 08:06:26
619,2d0a6a3f-cac5-42d1-a950-876baa9f1f32,Beverly,Lambert,tammiejones@yahoo.com,2020-07-10 22:32:28
620,30833b72-f060-4367-a43a-5c2813c4089c,Gabriella,Clark,ezavala@walton.info,2021-01-07 04:01:48
621,36fb8d75-533d-4f22-8ce6-87fcdd042619,Gabriel,Russell,parsonsjohn@gmail.com,2020-02-06 05:09:16
622,54346c9d-4dea-4928-bd71-1a56b019259c,Nicole,Lambert,michellenelson@yahoo.com,2020-08-30 22:54:27
623,b58a2c6d-b570-4b80-baca-0ff660b23d1e,Emily,Gallagher,kevin39@reyes-turner.info,2020-08-19 18:00:00
624,62cb77ca-a220-48c7-a1e0-cb38b7b2eb9f,Joshua,Allen,gwong@yahoo.com,2020-12-28 00:00:00
625,f70193f6-8903-4fcd-8fab-0ce46284417d,Brandon,Henson,kevin41@fernandez-ballard.biz,2020-09-04 18:12:12
626,57d009fd-dd05-437e-94ad-8e8990318276,Michael,Simon,jeremy84@robertson-kelly.com,2020-11-15 07:09:03
627,370d0f52-7543-4ea1-8bc2-d4356f3d6cfe,Jessica,Horn,waltersbenjamin@hotmail.com,2020-03-25 21:32:08
628,3f3c8096-5a77-4b6f-a383-4b5c6c73238b,Angela,Escobar,stephaniesmith@gmail.com,2020-09-03 09:33:37
629,81549d6a-32cb-4eee-8d56-600fa6e0eaa4,Eileen,Williams,aschultz@montes.info,2020-09-03 01:16:08
630,714f9c40-5a49-4bd9-9d30-32b756155779,Daniel,Bailey,rebekah86@dawson.net,2020-08-04 13:48:24
631,ec80ea46-41d2-4231-a3dd-3601ec28e6b2,Melissa,Marshall,wendy96@yahoo.com,2020-02-27 10:47:28
632,02a2bcdd-6791-4b62-b758-81f59ab94a16,Margaret,May,samanthaflores@gmail.com,2020-05-01 04:06:55
633,2b34c950-ec96-42d3-94d9-db689057cf56,Ronald,Parsons,tuckerwilliam@hotmail.com,2020-09-08 09:46:19
634,00bf3ef0-fb84-4264-8dd2-feb6af7db8b9,Teresa,Richardson,gbutler@gmail.com,2020-04-11 05:59:04
635,bfe0e4f9-fa15-4403-8994-ec9c034b9c06,Brian,Thomas,griffithwyatt@chen.com,2020-08-30 23:09:57
636,88dd2fd0-dcd8-42ce-851b-c5af668ef542,Shelly,Page,rachelbeltran@gmail.com,2020-03-01 11:46:27
637,c536e058-65e5-40c7-8973-1e36b21ebd2a,Mitchell,Smith,orobinson@hotmail.com,2020-04-15 19:58:51
638,10e41f6e-c820-4d56-b065-5366ec817026,Elizabeth,Howard,urobertson@hotmail.com,2020-09-04 08:42:43
639,4739f225-1b9b-493e-9f6b-ab96352ab8f4,Samuel,Thomas,richardsmary@martin-cervantes.com,2020-09-27 22:32:37
640,8c79f3dd-bdf8-4512-9bde-76e6e4dd3803,Karen,Bernard,valdezaustin@atkinson-hayes.com,2020-08-04 02:21:23
641,640668d4-8376-4755-9aec-e4cc0d81e4a3,Jessica,Cohen,pmartinez@wolfe-molina.com,2020-09-18 01:46:40
642,210df4be-4de7-44d8-b7d3-50efcea0ca78,Paige,Sanders,johncole@yahoo.com,2020-07-26 15:46:54
643,37abf510-832e-4bdb-be79-b2161b92e5cd,Stephen,Solis,lopezjeffrey@clayton-johnson.com,2020-04-02 17:05:20
644,ad3c5336-39ee-4e71-b0a1-a20c63e8f66d,Steven,Spencer,stephanielopez@hotmail.com,2020-05-14 08:02:40
645,16e6a4eb-0e3c-4a84-bb85-24fac0f7a948,Alexander,Anderson,qcurry@yahoo.com,2020-07-21 17:18:48
646,28fa6386-c3da-47de-b600-246f1b4955a2,Carolyn,Green,xhughes@gmail.com,2020-10-01 18:54:19
647,6ee95038-fa33-410a-a327-fa29a08927fe,Adam,Collins,melindasloan@gmail.com,2020-08-11 09:25:41
648,9c303511-7e24-4432-ad1e-999a50ed9a79,Lauren,Meyers,knightmichael@hotmail.com,2020-07-05 21:16:14
649,b968f209-2aad-49bd-a355-ff3c839ed405,Timothy,Matthews,tammy43@hotmail.com,2020-05-28 03:44:21
650,b3abe63c-e5e3-4d41-b930-86149c05690a,Anthony,Reed,qparker@young.com,2020-09-22 05:42:04
651,dab1d10c-59e4-453d-a847-75b154117a3c,Susan,White,davidsharp@yahoo.com,2020-05-29 02:26:12
652,51455c7a-ce38-4caf-b590-477fc8c109a3,Joseph,Collins,deborahdavis@alvarez-smith.com,2020-08-30 02:45:38
653,53eb4e8c-59c9-40f0-9165-b2744efaf4cd,Kim,Johnson,stevendavis@smith-duran.com,2020-03-27 23:47:01
654,e5e34390-56aa-4a16-8d5f-6dd7f2b5c1f5,Jessica,Clark,watkinsgregory@morrison.com,2020-03-27 07:27:32
655,ae5c219b-0911-41b3-87f8-4dccbcc2cb1b,Luis,Russo,blackburndouglas@stevens-weiss.com,2021-01-07 23:28:59
656,a5f68dcd-91d5-449a-878b-ba4b3a4582c0,Megan,Lopez,pyoung@yahoo.com,2020-07-10 05:59:24
657,a1307716-accf-4921-862d-9d9ba0039199,Alyssa,Guzman,patrick93@yahoo.com,2020-04-12 07:49:25
658,7888e324-4557-489f-95e8-cc8f2962bd60,Aaron,Robinson,karen86@hotmail.com,2020-08-08 00:04:37
659,8a91cd1c-5318-4836-a600-3b3f5554d0db,Jeffrey,Bowen,sandersashley@hotmail.com,2021-01-16 00:23:51
660,0f6bdcb4-4ac1-4954-8c6d-df50d8fb143e,Lisa,Patterson,choward@young-smith.info,2020-07-05 18:17:18
661,29b28136-2941-40c6-b495-71ff73334778,Patricia,Garcia,raymond13@hanna.net,2020-08-17 19:25:57
662,2046865b-d284-41fb-9a34-5cc657fbeb7a,Lori,Charles,cwood@adams-rogers.com,2020-08-31 23:22:11
663,da019a90-ea97-4375-97d9-72202e3d64e2,James,Everett,williamsjose@nguyen.info,2020-08-01 16:58:59
664,9dbf6a85-b816-4e68-8a91-003d49537f20,Robert,Caldwell,jameshoward@miller-little.info,2020-11-21 08:25:39
665,c9556ac7-189a-48ca-a723-01e1f631dc77,Jon,King,smithmichael@gutierrez.info,2020-11-23 03:33:37
666,2b663393-cea3-428e-958d-cca67c8c4a39,Frances,Conrad,waynemelton@yahoo.com,2020-04-30 14:04:58
667,ba520744-3c3d-40cf-bd89-0877eaaa22dc,Amanda,Floyd,sandra60@smith.com,2020-02-15 19:09:05
668,67aa9c7d-9bdc-4487-83b2-47877abba6bf,Robert,Ruiz,qvillanueva@hotmail.com,2020-04-12 21:30:49
669,a012fac6-1371-4741-b625-5c5dbde3b241,Ralph,Wells,charles96@ellison-edwards.com,2020-02-07 09:29:24
670,4a86d1d3-6188-4bed-832d-3dd9ae334f9b,Bryan,Jimenez,joshuabrown@gmail.com,2020-02-27 03:09:46
671,f7693a6b-bfcf-4e36-864b-f616fe663e78,Bradley,Evans,chris36@gmail.com,2020-03-14 14:09:00
672,c35edb21-7516-4678-ab7c-f66bb74aa437,Carrie,Gregory,khamilton@jones-nelson.com,2020-08-13 15:02:02
673,06002ee4-3a6d-4416-8ed9-1e0336aec258,Chad,Gutierrez,coopermarie@humphrey.com,2020-07-11 15:34:34
674,fa3d9678-ab5b-435d-b603-42eaffaa05e0,Kimberly,Ortega,marcusweaver@collier-thompson.com,2020-10-27 09:47:28
675,1267b753-6ad9-47ab-a345-d85b2d814653,Tyler,Bradley,jtran@duncan.com,2020-11-09 17:09:30
676,2a20e632-c815-43f7-b375-af98f48fbb93,Jonathan,Sanchez,jonathanhobbs@hotmail.com,2020-11-05 22:36:29
677,b884afe5-5966-4f9e-aca0-4e3cab23d07f,Zachary,Buck,nashnicole@harris-ortega.info,2020-10-28 07:33:17
678,ab7909fd-e4e5-4f7b-b527-2079144a20b1,David,Gaines,bethgray@gmail.com,2020-08-10 11:18:50
679,a3674e9c-515b-4a86-b81e-5d65f4faec2b,Sara,Allen,davisrichard@hotmail.com,2020-08-30 21:00:50
680,163cc254-c650-44de-9364-5cada3490562,Jonathan,Cantrell,ngardner@mclean-hall.info,2020-11-08 20:48:52
681,ce0d9eb7-3d45-415a-a753-567f0ae7ce72,Henry,Hess,martinmark@gmail.com,2020-06-18 07:36:23
682,39585a29-5793-41da-904c-376dc31652bf,Karen,Lewis,laura46@gmail.com,2020-06-15 09:06:15
683,39b190cd-0339-40de-ae6d-2ff10fcaeb17,Anne,Cardenas,ruthmelendez@miller-gibson.com,2020-05-26 19:09:15
684,6b9ecd60-1e88-4cba-81f6-88b0c1ee2525,Jason,Hernandez,stanleymiller@garcia.com,2020-11-03 19:54:35
685,e48045f7-8bb7-4bf9-bd01-f2b90975936f,Jeffrey,Horne,tammy43@yahoo.com,2020-09-07 18:56:18
686,48c2f8e9-575c-412b-830f-697318140fbe,Kevin,Jones,pateljoshua@hotmail.com,2020-07-19 00:37:24
687,3e3b305e-0da5-4f20-8625-5aef0af938e2,Sarah,Stanton,jbest@gmail.com,2020-05-08 12:04:40
688,b9c6519a-b3ee-4111-b314-b1573edf011c,Kelly,Johnson,rkelley@hotmail.com,2020-12-18 09:58:45
689,6d95f554-092c-4342-a03b-b289ecd9cc94,Mark,Hanson,williamstiffany@sanders.org,2020-10-07 23:03:14
690,255269ae-abe8-48b1-8532-f3c9453e6c3e,Jennifer,Peters,dstein@gmail.com,2020-10-31 09:47:48
691,5e2b5c4a-378e-4aab-8246-0d01b9a85a38,Rebecca,Mack,randall06@hotmail.com,2020-02-25 09:33:30
692,92caa2e6-eca5-461c-b9ff-e23b8fae460b,Patricia,Mitchell,pricejoshua@phillips.com,2020-05-27 16:40:44
693,eca44258-4156-48c2-9c7a-cc8f82b80c90,Rick,Alexander,scottfloyd@gmail.com,2020-08-22 01:49:06
694,9ba6a863-e69b-476b-be24-e253b5d91f5a,Carl,Nelson,brendankelly@hotmail.com,2020-04-12 07:11:57
695,d7e984f5-bf37-4895-a542-783b09796d80,Jacob,Brown,suttonwilliam@yahoo.com,2020-10-17 16:41:10
696,bab31820-9565-42e7-ae7b-5174b9eb7be3,Ryan,Brown,cole79@hotmail.com,2020-04-19 23:00:45
697,8ee81262-45e5-4f1d-b599-eddc8f8cdec5,David,Miller,urose@gonzalez-hudson.biz,2020-03-11 06:14:21
698,c91f9424-7d2f-43bb-a915-15dded5e0419,Julie,Joseph,william53@yahoo.com,2020-07-28 07:26:55
699,a034a5da-0d04-4120-a515-9725b8e8c048,David,Morrow,philip94@hotmail.com,2020-06-20 02:02:14
700,91993c6d-3197-4b57-bdbc-97d76814b7fa,Julie,Nelson,revans@smith-walker.net,2020-07-31 01:39:12
701,797ec84c-02d6-461a-a7ce-e07e2392c12a,Ashley,Schmidt,xwade@yahoo.com,2020-09-21 13:24:31
702,4d2e18ab-b0d5-4d5b-b119-89f7d8908db2,Eric,Peterson,rhondamcintyre@hotmail.com,2020-01-29 00:59:23
703,2db6967f-af7a-474f-8646-00e82015de9f,James,Moore,russellchristopher@gmail.com,2020-05-11 01:47:41
704,78f80243-3dad-4d0a-a918-efd7d46773f1,April,Smith,samantharitter@yahoo.com,2020-11-04 14:48:35
705,bfef0445-f4f7-456e-8330-6b0cca722f32,Dakota,Austin,escobarmaria@baker.com,2020-02-24 05:03:11
706,73c7ee84-1acb-4344-88eb-0710dc3a6bfa,James,Smith,scarlson@williams.net,2020-05-11 05:49:36
707,734f210c-a2b4-4649-9da0-586b655eb847,Dalton,Daniel,mkim@ray.com,2020-02-16 00:01:22
708,03caf74b-b797-4f75-8714-523a8f6afcf1,John,Bowman,scott03@gmail.com,2020-11-07 08:20:25
709,59fc922e-4b83-42c0-948b-93d40be3a1af,Travis,Ortiz,xzimmerman@khan.com,2020-06-12 04:08:03
710,f8c13963-5de1-41a4-a5f6-7e2a438aecde,Jacob,Mueller,luis98@benson-grant.net,2020-09-28 17:27:27
711,3ca89415-de88-4502-bcd9-7eb2c87c60a5,Scott,Williams,gibsonadam@bruce.net,2020-11-11 16:07:38
712,7fe7c055-6077-4a22-a0d7-a507fbc75029,John,Valentine,peckwilliam@mason.com,2021-01-09 00:13:48
713,a010c731-2a08-4b1f-a513-38bb20e15c01,Colleen,Mendoza,qthomas@gmail.com,2020-11-11 21:37:48
714,ce8beae7-a5cf-4b88-ad3b-e240a043be20,Julia,Hoffman,faith76@franklin.com,2020-07-06 21:23:14
715,bb448986-5a05-470a-a2f1-67bce7424ac7,Michael,Vaughn,adamkelly@payne-evans.org,2020-07-12 16:00:18
716,380f989d-f9cb-4ee1-a8ac-a2fa85c61118,Benjamin,Burch,washingtontracy@jones-shaw.com,2020-08-03 00:49:07
717,55add63e-c08e-49b3-8435-5360d251a366,Kelly,Mason,uroberts@yahoo.com,2020-04-10 20:05:30
718,6443f0f8-4eca-47fd-9d46-b1262d745f8d,Kimberly,Horne,nicolefisher@allen.biz,2020-09-11 19:42:19
719,c005b49d-e39c-46cf-8b58-1cf2487206c6,Darren,Bush,bassellen@gmail.com,2021-01-04 13:04:41
720,989eaebd-bfab-453e-9456-d61ab9c4646d,Ernest,Chavez,jeremyzimmerman@yahoo.com,2020-09-06 07:01:42
721,6ef4eaf8-63a1-4e76-8bf5-386ef6a606d8,Alexis,Guerra,padillaheather@hotmail.com,2020-12-02 00:25:20
722,b08732e2-e7c3-4bd1-97ed-888d3e8c48a6,Richard,Harrison,bautistachristopher@ryan.info,2020-04-10 15:26:18
723,9c7f2f4d-8578-4fc8-9006-0003c57208cf,Patrick,Wilson,wrighttammy@kelly.com,2020-02-29 22:19:19
724,6b280bc6-2786-40fa-b43e-9b440cdd8908,Melissa,Palmer,mayerchristopher@rivera.com,2020-10-08 04:05:14
725,7cfb3c7a-61e5-4025-b3cc-892351c9ab05,Erin,Johnson,williamsdylan@gmail.com,2020-12-27 18:17:29
726,d1d6a552-4a94-4528-bde8-32614ed0c0f5,William,Dyer,johncoleman@yahoo.com,2020-03-03 17:25:02
727,340f500b-fd41-424f-b1ea-665196f02f80,Megan,Henderson,hmoore@hotmail.com,2020-07-24 04:28:56
728,05b1e867-6f1d-44f1-af89-d85f71061f90,Kevin,Norman,zwalters@gmail.com,2020-07-02 16:53:26
729,be33d2cc-b8f9-4323-b002-b047030d4b03,Noah,Garza,christine85@hood.info,2020-02-09 15:27:17
730,317af7b3-1d6b-410e-b5e6-2de2596a5d6d,Amy,Holloway,ukennedy@briggs-sanchez.com,2020-09-01 18:38:19
731,832b0d14-c64c-4391-8e43-3a4c00b73240,James,Matthews,susan92@harris-king.com,2020-11-12 07:10:01
732,901c79ad-d50d-4c27-9739-7b246cdfe443,Laura,Simmons,susanlittle@hotmail.com,2020-07-14 03:57:27
733,6ea56ff1-6104-42c9-9ec4-1ef4c8025c97,Monique,Hansen,pricejulia@gmail.com,2020-05-17 17:03:03
734,230bd4ec-6048-4922-8aea-bb2de2ec1a8e,Anne,Koch,hendersonmark@gmail.com,2020-03-30 16:13:59
735,b4723170-8e5f-4816-93d8-bb3780300447,Alexandra,Knight,wbrewer@gmail.com,2020-12-26 17:40:08
736,9af5e8b5-7a33-4eba-8dae-8e441cf33798,Leslie,Salas,chopkins@woods-beck.biz,2020-10-20 02:21:07
737,aa59bd43-580e-4f40-beea-95804c4b1961,Douglas,Simpson,williamsjoseph@moore.com,2020-06-27 12:33:21
738,98b748f7-ecf4-4c94-9091-b24ce0f45847,Priscilla,Landry,ihenderson@hotmail.com,2020-11-26 18:31:19
739,08e057d9-9530-45d5-b1bb-3d0e5d84cc2d,Susan,Warner,hsanders@yahoo.com,2020-11-24 21:21:29
740,ba875214-caa2-4c34-91aa-b90efa253cf7,Jessica,Dennis,kevinthomas@knox.com,2020-06-01 15:48:51
741,621dfecb-9776-4b02-8965-64ede7f97b8f,Stephanie,Delgado,butlerjoshua@taylor.com,2020-10-06 10:58:23
742,c7820e3c-c7b7-4657-a96d-79f56a5b0fb3,Veronica,Hansen,pamelarandall@hotmail.com,2020-01-28 22:19:10
743,7c1d8f46-a34c-4112-81de-23f582cb0706,Russell,Blackburn,pstone@yahoo.com,2020-03-10 15:16:00
744,af1ef7e9-5797-4b2b-b63f-fd606b7852aa,Rebecca,Durham,xrodgers@adams-williams.com,2021-01-12 10:26:48
745,2c96151d-7b01-4adc-9b55-6224ea1eb222,Jonathan,Brown,john54@yahoo.com,2020-10-17 18:13:59
746,87170b6f-e216-4940-8ff8-d42df1309797,David,Ramirez,blackwellmark@perry.com,2020-07-25 00:41:32
747,7d8370a8-91cd-46bd-b180-60ecd18f386d,Carrie,Kelly,theresa75@gmail.com,2020-10-19 15:58:10
748,6c14b71f-b439-4a8a-896f-a69a60eec26f,Brandi,Escobar,xyoung@jones-reynolds.com,2020-08-31 03:25:53
749,d631b222-8a6a-45ff-a56e-719a759ec18c,Jeffrey,Bonilla,heathdennis@hotmail.com,2020-07-20 20:42:06
750,a835d376-8cb9-4d83-9654-bfb923d55733,George,Duncan,philiphampton@stuart.biz,2020-06-26 17:13:36
751,e0b25d79-d403-4e4f-8f74-a15fa7906981,Melanie,Lewis,adam15@vaughn-rivera.biz,2020-10-27 14:58:48
752,dd1b7680-6450-4c70-a025-9848b2ea89dc,Caitlyn,Torres,hroberson@goodwin-black.com,2020-10-13 19:36:14
753,0546a0ba-0d04-4b0b-b8ee-1032d50e8847,Gina,Davis,gbrewer@hotmail.com,2021-01-09 21:53:50
754,ac079399-4c3a-450c-8a0e-7782866f15fe,Austin,Collins,john02@jimenez.info,2020-09-29 00:37:28
755,14cd369b-a478-403e-821d-cc8210e484e0,Allison,Nguyen,vincentsmith@yahoo.com,2020-10-08 06:35:58
756,6ae897c5-0b68-4333-ab66-2f4b3f0a0ecb,Calvin,Sellers,qcunningham@yahoo.com,2020-09-20 15:25:45
757,b3e1c33c-8c74-4472-b80d-dff2301bbc3d,Amber,Carlson,sarah52@hunt.com,2020-06-04 12:59:25
758,23cf334e-6cd8-4491-bcd7-d8cb406d9e23,Thomas,Walker,hglover@lang.com,2020-02-13 04:16:35
759,bbfa24cf-20dc-4c49-a605-c109b35bb751,Christina,Jones,kevin27@johnson.com,2020-07-03 04:04:06
760,54139a6f-91c9-467e-8586-e8c8e386708b,Annette,Castillo,tatesusan@gmail.com,2020-08-23 06:35:44
761,67eb4c16-d3c8-4440-afd3-08db52663c77,Melissa,Willis,stewartbrian@yahoo.com,2020-07-26 23:08:33
762,cb2686b2-c671-494e-9e6f-683b686f632e,Tammy,Farrell,seth00@jackson.com,2020-05-05 19:25:56
763,6e8bcf59-3ee2-4c2e-a1a5-108f5a7e8652,John,Olson,hgrant@hotmail.com,2020-03-07 16:20:40
764,f9d69dc9-35cf-40c3-a884-1dbe98c1a764,Nathan,Elliott,alexanderjennifer@wright.net,2020-12-09 01:29:04
765,7c72e434-ef1b-4b62-aee6-0867ccaf0aea,Matthew,Wright,qphillips@yahoo.com,2020-09-27 00:29:39
766,113fa0d2-fce3-49bc-8f23-4f9081b98cf6,Tanya,Bryant,nashmatthew@coleman.com,2020-05-19 23:45:31
767,935452ec-fdf4-40aa-93fd-ae6ec66dfe85,Heather,Butler,cassidy45@williams-cunningham.com,2020-04-26 20:45:39
768,b6f1346d-4217-4f60-9e62-43b78117691a,Rhonda,Cook,john68@gmail.com,2020-10-30 18:52:35
769,418d518c-1e04-474b-bd8e-c5f54139443d,John,Brown,lloydconnie@gmail.com,2020-12-18 05:26:08
770,0599c4f2-7d83-421f-baa0-c9976266ef32,Nicole,Bowen,kennedyrobert@carrillo-montoya.info,2020-05-27 10:06:10
771,f39e1b26-3432-44dc-bc85-325d32ee6f06,Kenneth,Moore,michael24@yahoo.com,2020-07-02 01:28:10
772,64b5d4ee-c65c-45a7-862a-f409a0a0036d,Maxwell,Alexander,ashley84@yahoo.com,2020-03-14 11:11:52
773,9cdd41e5-5803-4973-b172-70828b7904eb,Elaine,Jackson,lgarner@hotmail.com,2020-05-03 22:55:41
774,8b1c4fc8-0537-4505-913a-5da5f86f974e,Travis,Randolph,nataliewashington@baker.org,2020-04-24 20:51:49
775,614d0bc5-a788-43a4-9126-7211aa8876e3,Tammy,Cook,michaelrodriguez@bray-martinez.com,2020-03-17 02:41:27
776,5c9436e2-5ec7-471c-a541-fe2b86967d8f,Cassandra,Parks,johnsoncarlos@gmail.com,2020-09-22 17:18:47
777,622ad229-d804-43d5-83c5-f0dc3f5c8c32,Melinda,Garcia,hernandezgeoffrey@bailey.net,2020-10-25 04:23:41
778,bfb89d33-c196-4a54-a0b5-59514874d0c3,Danny,Wood,westcheryl@yahoo.com,2020-04-19 12:38:39
779,9f214d29-5daa-45ea-afb7-e6b101ea9d50,Sherri,Barton,zachary21@navarro-simpson.com,2020-02-24 03:55:29
780,da21ecae-31df-46e7-be41-c9e61dda500b,Mary,Oneill,bryan86@gmail.com,2020-11-08 22:54:40
781,3e21d68c-6b72-410f-a4a3-6667f3f3da28,Sarah,Sanchez,ybarrera@rivera-hernandez.com,2020-07-23 10:05:04
782,6280d9ef-c248-401f-aa98-3ad4539b333d,Lisa,Williams,steven29@gmail.com,2020-12-07 06:50:24
783,a2d139ff-6f65-4ea8-8607-f85ddca7afed,Samantha,Johnson,elizabeth65@gmail.com,2020-10-20 12:42:43
784,be77de05-60ad-43cd-8f2e-730372b51be4,Judith,Vazquez,ubrown@hotmail.com,2020-05-04 23:09:13
785,815f35e7-69a3-42ba-b7c9-3cd48438f05c,Aaron,Roberts,caldwellzachary@gmail.com,2020-04-13 21:26:56
786,13f4fa61-c42f-485e-8632-47052fb64ab8,Alejandro,Schroeder,jdennis@hotmail.com,2020-11-06 14:12:07
787,485bd6a5-ccc1-4da0-a682-b16937294ed9,Hannah,Neal,christine62@gmail.com,2021-01-20 16:51:02
788,1b09f3b4-8dcc-4a0f-9113-a4a6c8b1d551,Vincent,Pena,bailey97@levine.com,2020-07-08 00:11:10
789,018ef605-ba4a-4843-9d3a-7bf00ee7f312,Alexander,Cook,ryanmurray@newman.com,2020-05-16 03:38:47
790,378dedec-b3e2-44d1-bf53-8273e9881c71,Shannon,Anderson,hallen@gmail.com,2020-12-09 04:23:09
791,eb10249b-b189-48b5-837e-adcc2ad5d76a,Alexander,Sanders,aaronphillips@burgess-bailey.com,2020-06-21 10:33:29
792,c6f7476e-16c5-4582-9e69-af56a3765766,Ryan,Hale,sarah01@george-chambers.info,2020-02-04 23:39:21
793,fa4831cd-caba-4227-93e2-a550c23b0ce2,Jennifer,Glenn,vhall@hotmail.com,2020-02-08 17:42:26
794,7188a11d-768e-4970-8791-e68bc0672215,William,Knight,maria60@brewer.org,2020-11-19 14:59:47
795,6efaabdf-da34-46b7-86a0-58dfdd519626,Dennis,Cox,pwebb@gmail.com,2020-06-08 20:18:18
796,c58b3656-b952-45ef-a035-323d4fc0091f,Cathy,Hood,stephen42@kennedy.org,2020-03-31 20:35:09
797,15e79136-9acb-4ac7-9fa6-ba7f87ab1ac1,Christina,Parker,johnstonkayla@valencia.biz,2020-12-21 21:10:04
798,0b05a96d-7e96-4959-9e82-b82959bdb2a7,Richard,Russell,jenniferprince@hotmail.com,2020-08-27 09:13:43
799,8a6d1742-bc9e-455d-92e7-bde83f267174,Wayne,Jones,conleyjoanna@black.net,2020-06-28 04:16:16
800,91534545-eabe-469a-aa35-8dad15d3bc3a,Dana,Yang,traceygrimes@watson.org,2020-10-14 03:22:11
801,3967c6e9-6368-4809-b16c-78e2615f72da,James,Cortez,vbarry@gmail.com,2020-02-20 07:06:30
802,f1f5271e-905c-47f6-80c0-6d6bc95bc41b,Laura,Robinson,nicholaslopez@daniel-clark.info,2020-05-06 01:29:18
803,35ef6ed2-c544-4d27-8e1b-d2daec3db670,Jessica,Owen,colemansamantha@salazar-alvarado.com,2020-02-26 23:39:02
804,2ef2a163-1fc6-450d-bb01-c594ec5e5dce,David,Lawson,ryan19@gmail.com,2020-09-15 22:23:38
805,76aaa50a-e0d9-420d-86ab-f6bf61757268,Theresa,Thomas,obell@hotmail.com,2020-08-23 02:25:11
806,f461f8bd-0447-4972-b4a0-cec22d676503,Tracy,White,kathy78@cooke.com,2020-09-10 10:17:28
807,adaa4fc8-5609-417a-80fe-277e6e506ae2,William,Caldwell,alejandrasmith@hudson.net,2021-01-10 19:52:55
808,96af4a35-758a-491d-9147-1a10071a11f2,Adam,White,elaine43@gmail.com,2020-07-03 03:48:41
809,5cc1dcba-8f61-4385-b368-a60646991470,Howard,Mcclain,christina38@thomas-thompson.com,2020-11-30 20:43:06
810,9a0acd5a-573e-4694-9ba9-093a6dfa6ae9,Traci,Owen,wsmith@grant-pineda.info,2020-10-09 07:12:22
811,cf7f3c3f-7b15-4a19-a6b4-feb1a91b84d9,Brian,Le,merickson@harris-elliott.com,2020-06-19 10:15:35
812,6379e0fc-65be-4401-9aa5-313396f2a9f1,Jim,Fitzgerald,zthomas@jones-webb.biz,2020-05-29 07:47:40
813,01692604-fa2d-4398-a71d-484637b92037,Chad,Lucas,edwardhuynh@tucker.com,2020-04-23 22:28:24
814,7cb6f30e-2905-4689-80dc-5cddb42ff0d7,Carolyn,Fisher,ashley11@hotmail.com,2020-08-07 07:45:06
815,aa295e73-edd3-4af3-a348-be2a2f211b8f,Charles,Freeman,williamgilbert@taylor.com,2020-10-04 08:52:05
816,d021d4bf-09e2-40e6-91d3-93a3172b3c2c,Carmen,Lindsey,jack71@bradshaw.com,2020-07-31 19:44:06
817,a0dcae6a-e30e-4b8f-a01d-962a4ce2cc71,Erika,Elliott,livingstonpaul@lucas.com,2020-02-20 05:43:36
818,2315335a-fd9d-4d04-9312-5902cecddc37,Jamie,Carter,bruce16@salazar.net,2020-09-26 22:56:58
819,236e0aa3-1b77-4489-8fe9-b58a9ff12d37,Charles,Rivers,clarkjohn@yahoo.com,2020-11-04 15:40:42
820,c04df42f-5f7f-44a5-b3d2-d02da944ad2c,Melanie,Smith,adrienne59@leon.biz,2020-05-25 18:11:59
821,48e831cd-d237-4dc3-b88a-663bec89ca16,Parker,Pearson,mitchellsheila@gmail.com,2021-01-17 09:44:30
822,4c1bef95-a25e-436a-9112-41a2814f3744,Kristin,James,pjoseph@hotmail.com,2020-03-07 23:00:11
823,3e88849f-2fe3-416d-a652-e3a32c5e883d,Miguel,Duncan,crystalrios@hotmail.com,2020-12-14 19:52:24
824,214b5497-2181-46ed-8896-b528a3dca348,David,Wright,thomasmarshall@yahoo.com,2020-10-31 14:00:33
825,be38c8e3-0232-4cff-8099-0814bc1a7629,Audrey,Thompson,dianagriffin@gmail.com,2020-05-20 19:30:33
826,d56dafc5-c3f6-4ca8-9711-6afea8274888,Jessica,Williams,westkeith@simpson.org,2020-10-25 06:49:17
827,d38ae45b-ef35-4016-b313-68b98acf3447,Mark,Cross,michelle43@barber-aguilar.com,2020-06-06 10:44:33
828,bd79a385-63bf-48c9-891d-e8afa7a42f26,Sandra,Cruz,ymullen@gmail.com,2020-05-23 23:25:52
829,0aaa3cf6-8db2-4615-b944-f601d73c9cf3,Sheri,Valenzuela,andersenannette@davidson-lucas.net,2020-04-29 13:45:12
830,18c621a1-292b-4e54-8952-0416d3c28d1a,Julie,Dixon,bnolan@yahoo.com,2020-05-30 17:39:02
831,195e54bf-f2b1-4b7e-b7ca-c3cf03b58fb7,Keith,Harrison,allendavid@gmail.com,2020-06-07 02:20:11
832,0c09e8bb-0074-4f6d-b54c-55deb3298341,Kimberly,Palmer,mayjoel@gmail.com,2020-06-12 21:56:30
833,e3478c10-37ff-4e60-a7c5-b715b9be66be,Breanna,Lewis,cruzdaniel@hotmail.com,2020-09-15 15:00:18
834,6e426750-a639-418c-b133-7dfd70e0d3e4,Paula,Casey,oaustin@hotmail.com,2020-05-23 02:21:08
835,288e8b0f-3a41-4943-8e55-ca3176915efa,Mary,Brown,susan20@gmail.com,2020-05-24 08:49:26
836,7132bbf4-5649-47d2-8b0e-c499cc078f63,Daniel,Gonzales,garykline@hotmail.com,2020-06-30 21:24:49
837,3a9d83f6-1859-42df-bd8d-8cc2c313cb23,Robin,Davis,mary29@yahoo.com,2020-05-03 22:54:39
838,be7577ec-c1b7-4a25-93b4-55c6338303e7,Nicholas,Rubio,chelseagarcia@yahoo.com,2020-05-04 13:34:47
839,8f0cae06-5e42-497e-b546-0d0ed66104c3,Natasha,Andrews,todd15@wright-watson.net,2020-06-19 15:03:55
840,c64dc8c1-c51b-4956-b214-7ec5b46edcc7,Amber,Murphy,lambertgregory@myers.com,2020-08-03 18:03:53
841,a709e0d2-cd62-447d-a905-4cde44df8397,Patricia,Macdonald,zhogan@hotmail.com,2020-09-30 19:00:55
842,d9f13fae-9130-4bac-b977-984391ba5045,Jennifer,Hernandez,parksteven@grant.net,2020-03-27 19:55:23
843,bc41ebe3-a778-4a00-88d7-5f413fb89fe4,Jessica,Andrews,waterseddie@spencer-gillespie.net,2020-07-14 14:37:35
844,f3974623-971e-4c9b-8513-266b2a7fb6ad,Victoria,Graham,brendafaulkner@wilson-cruz.info,2020-12-31 18:45:12
845,ef903d39-c0e2-420c-81f1-69412aa91dba,Adam,Montgomery,castilloalexandria@middleton.com,2020-02-14 02:21:27
846,1f1589ab-21ac-4bc1-b3db-b2976a4b61e9,Rebecca,Coleman,qnoble@yahoo.com,2020-08-10 04:50:24
847,48c48385-76d3-489b-86a4-7c25e764694f,Andrew,Boyd,tinawilson@diaz.com,2020-09-14 07:17:22
848,5270a2ea-d1e4-44fd-924f-4bddbf0c3cd9,Joshua,Irwin,campbellmisty@hotmail.com,2020-11-19 06:31:36
849,b5c6b617-2a34-4a4b-b1cb-5e798207ab41,Sarah,Baldwin,loveemily@martinez.com,2020-06-18 18:26:23
850,afb990c3-664e-4643-919b-01d669da0d97,Matthew,Allison,klambert@yahoo.com,2020-06-16 08:44:34
851,23ffd431-f4ed-4dcd-9e86-2ca4f59600c4,Kimberly,Ross,xwilcox@malone.com,2020-07-02 06:52:43
852,e392979c-1bd3-4c7c-8021-04ca6dcddb7a,Mark,Mendoza,paul64@gmail.com,2020-06-23 03:01:32
853,612c2e8c-78c1-44c5-afd5-36a84859066e,Joanna,Castro,brookslynn@yahoo.com,2020-03-18 22:24:12
854,7085f04f-2e9e-434d-9d9a-01e1bc85f5a2,Jason,Rios,daviddowns@walker.com,2020-03-26 01:07:51
855,7a408527-d962-4434-abc2-ec4e346e0612,Joshua,Owen,wbarrett@yahoo.com,2020-09-12 16:37:43
856,0ec4dd75-9381-4f3b-86a0-03a69ccdd1ff,Laura,Baker,hurleysarah@gmail.com,2020-03-21 11:01:15
857,3bbe6c92-0b2c-4c93-9776-1d5874fad39d,Benjamin,Reyes,pooletyler@hall-woodward.com,2020-02-22 07:01:41
858,2deb03a0-1347-44d2-9239-0ad8a444188f,Richard,Fleming,ysimon@yahoo.com,2020-03-06 09:31:21
859,d7a4385c-5651-4ad9-bae6-4b3ca971ec1f,Amanda,White,hernandezmichael@hotmail.com,2020-07-22 19:15:13
860,826ddf77-a69b-40d8-a61c-34a8d6bdf435,Carl,Johnson,qwarren@norris.org,2020-04-30 13:50:42
861,993eb503-9164-4163-805f-d930ab59f207,Jennifer,Bolton,ihughes@garcia.com,2020-11-02 19:40:53
862,a4fc8a50-e8b7-447c-a603-c67a62fb96f3,Robert,Brewer,snyderkatie@peterson.com,2020-02-22 17:23:48
863,c3a4c462-1917-4b4c-a689-5a61cb4b5154,Jason,Clark,ericdudley@yahoo.com,2020-10-16 19:49:18
864,4f1233a0-0ec9-4d65-9657-37565b1d9894,Jennifer,Walker,rmccormick@hansen.org,2020-03-17 00:00:00
865,0a02f653-cb32-4d1e-a0be-a14591349e00,Kelly,Gregory,hallbradley@cummings-willis.info,2020-02-25 23:33:12
866,86d79a46-4689-463a-9bf5-324ede624e33,Margaret,Hoffman,michaelroach@krueger.com,2020-02-17 02:40:59
867,2b203f9f-1f64-43f8-976e-6a1e24bf12c9,Laurie,Savage,jeffery61@gmail.com,2020-05-13 13:51:05
868,cba68d5a-04ac-4c93-8ccf-5560ff367474,Sean,Velazquez,amy34@beasley.com,2020-02-07 17:06:32
869,5ab93338-8b87-456c-8cc8-d4a46ccfd62a,Chelsea,Craig,ericavillarreal@yahoo.com,2020-06-10 15:48:16
870,932e5993-6589-4e8a-9942-22409722f792,Michael,House,smullins@hotmail.com,2020-06-16 22:00:01
871,e47324b0-11c5-4503-b6a8-13df4262a0b5,Joseph,Russell,qmcconnell@hotmail.com,2020-05-01 15:41:05
872,719151b0-386c-4710-a373-85ce7d5a6ac0,Ryan,Burns,tfritz@rodriguez-norman.com,2020-06-26 05:43:26
873,9e51e1df-1724-430a-8c9a-009d617609d2,Ashley,Hess,mmoon@hotmail.com,2020-12-22 09:22:47
874,a831f80d-3718-47e6-9b2b-59236afc7edc,Nathaniel,Sexton,hawkinsjoseph@gmail.com,2020-06-05 03:56:08
875,d3d1a429-e6e7-4ff0-bff0-ec8d984c2214,Katherine,Brown,sullivanbrett@boyd-smith.info,2020-05-04 01:29:33
876,9a7dc5da-63b5-470c-b573-126b8599f5ab,Trevor,Fitzpatrick,thomas51@hotmail.com,2020-12-14 14:19:49
877,8d9a4093-d345-4985-8607-f8d3d29fce1d,Jeffrey,Bowen,ashleyholmes@hotmail.com,2020-03-05 12:12:19
878,92afc7af-dd1b-41fa-b281-268751f3ab61,Joan,Ferguson,mark50@gmail.com,2020-12-06 08:14:50
879,bb011d1f-a70f-43d8-b34b-15cc7494eba7,Stacy,Taylor,hollypoole@hotmail.com,2020-06-05 11:47:00
880,5b9aad08-f126-4162-80df-5bc0434d826c,Lisa,Erickson,bradleyeric@torres.org,2020-06-22 14:47:50
881,14aad2b4-9e82-4cbd-94ba-35c300e17ca7,Bailey,Carson,seanwilliams@wolfe-smith.com,2020-07-02 22:36:53
882,4f2bb39e-b748-46e0-96f5-a6248dca8928,David,Compton,michelle81@jones.com,2020-06-29 08:50:11
883,1c94dcda-9deb-4a38-ac5e-1421da76960b,Judith,Yu,margaret21@hotmail.com,2020-09-23 07:17:19
884,6804f5d5-159e-40c0-9baa-c490f11aa688,Donna,Knight,nicholas09@blair-riddle.info,2020-05-11 14:28:53
885,073ed9c3-90ec-4912-b47b-3ec343e69228,Kevin,Taylor,nweaver@arellano.net,2020-09-01 18:41:00
886,b56308cb-f03e-4353-8514-fca9bcd88886,Shannon,Cruz,manningjennifer@washington-jackson.com,2020-06-13 11:34:10
887,8ee02e2e-4613-47f5-9a1a-3db928fdb932,Marcus,Lewis,wilkinsonthomas@mendoza.info,2020-07-22 20:06:17
888,7ff1b654-c40d-4a1f-903c-7ae4587f9462,Gabriel,Harmon,jrobertson@logan.com,2020-10-18 10:14:14
889,33bba02e-8b5d-4378-9254-4fd108900399,Rachel,Baker,bakertammy@lawson-morris.org,2020-07-19 08:17:26
890,772c10cd-3e90-48ae-b030-6e14c83693b4,Sherri,Cole,jasoncollins@gmail.com,2020-03-03 20:49:23
891,3af3b75a-ecb1-4e5c-8dad-ea3ee4aced70,Dawn,Mitchell,scott58@yahoo.com,2020-06-10 19:48:02
892,f4f39ca1-a175-40b2-be2b-8d0e4a8e93d9,Karen,Ramirez,carlallen@vaughan-craig.net,2020-04-20 09:31:57
893,e3b0a07b-de6e-43dc-ac9d-d2dfb75550ea,Steven,Stewart,mckayleslie@walter.org,2020-03-19 14:52:15
894,a6018516-e5b7-4fca-ad9e-14cd10844893,Angela,Herrera,jeremiahtravis@townsend-huynh.info,2021-01-08 16:40:44
895,7ef90025-5c4d-40ee-8308-96661bcbc02a,Margaret,Jones,smithmartin@gmail.com,2020-04-28 00:38:26
896,21850fa2-d58a-4ba3-9b09-75b078753e89,Gail,Brown,davidfuentes@gmail.com,2020-10-17 04:22:19
897,a6638ff9-b349-4953-a7fa-e341dd7baa26,Holly,Carrillo,rgriffin@yahoo.com,2020-09-04 12:42:43
898,fbf5f81f-8e8c-4a14-853b-6d3880935edc,Gene,Wood,luceroevan@marsh-sharp.org,2020-11-03 06:22:50
899,2c58f0c5-4431-4748-890d-cb599b11f41a,Matthew,Harris,janice25@lee.com,2020-11-06 20:50:10
900,2d37d5fc-c583-49c0-ae85-580b61b5d003,Jennifer,Singleton,ronaldreyes@yahoo.com,2020-05-01 04:12:40
901,9a7547e5-0753-4ddd-90e9-b6d6943e2d25,Elizabeth,Benson,katelynrivera@ballard.com,2020-09-05 08:28:08
902,7d6fe50d-861c-4ec1-a7de-a2c37868d893,Wanda,Clarke,dcharles@gmail.com,2020-08-08 22:02:12
903,bc2b44f8-257f-4e95-ac6c-8afe6f5992a6,Andrea,Rodriguez,espencer@graham.biz,2020-02-16 14:57:37
904,9fd8f38b-30c2-4931-bce1-25bc5047a2b6,John,Williams,jeffrey01@ramirez-walker.com,2021-01-13 12:12:54
905,15dbace6-c1f9-4040-9b17-2f28e2c64209,Lori,Nelson,robinsonandrea@gmail.com,2020-03-29 18:46:13
906,3affc593-2044-4a21-b24a-5410cdc20174,Amanda,Boyer,haydentaylor@hotmail.com,2021-01-13 07:00:42
907,f823a0fb-35f8-4f21-9e38-311b6c66d5c9,Randy,Gould,denniswright@santos.org,2020-05-07 10:42:24
908,8a5bb591-18a8-49d0-a70d-47280dc7bbb0,Robert,Hayes,holmesjacqueline@yahoo.com,2020-02-09 13:31:54
909,86de77d1-e516-482f-ba61-74a0f8c35892,Jillian,Rivera,charlesgentry@carter.com,2020-09-23 15:25:08
910,732df7eb-4f6d-4155-b177-3cfd4233503e,Erika,Day,mary10@stuart-james.biz,2020-09-29 21:11:27
911,032ea36f-217c-4c07-9f5e-1dd148455cdd,Cassidy,Gardner,lskinner@jones.biz,2021-01-17 16:45:45
912,d63ccfad-b53d-42b7-8073-dbed12ca09c0,Katherine,Fleming,david41@hotmail.com,2020-12-18 05:55:54
913,4d1feeaa-f964-4b59-93df-cf78faae0656,Jack,Sanchez,brenda18@doyle.com,2020-06-15 20:26:44
914,9d171076-339a-4712-88b0-76a35b21e699,Ryan,Li,icollins@hotmail.com,2020-02-12 04:07:07
915,cc68a088-e2b0-495c-9374-3dd5486b7a0c,Jennifer,Kramer,steven59@hotmail.com,2020-12-30 06:54:28
916,932d4a95-475a-499c-9a70-e10c4e27ee03,Tiffany,Davis,dlewis@gmail.com,2020-03-25 14:12:23
917,0000e277-c146-4c3b-ad3a-fca46f0e1533,Michele,Schmidt,maryvilla@yahoo.com,2020-02-06 09:51:56
918,7bcd5750-fab2-4a44-9a85-708e566427a3,Todd,Hatfield,lucasterri@yahoo.com,2020-08-03 21:46:52
919,c44324ec-7a2e-4d80-acf9-b2131da0a051,Brett,Arias,gwilliams@yahoo.com,2020-10-12 01:17:03
920,efa4a992-6ce7-4722-909b-f253c59bd548,Veronica,Cordova,cynthiaflores@torres.com,2021-01-12 07:34:44
921,992f1b41-2f05-43b7-a9fd-78874114b655,William,Sanchez,mjones@rogers.biz,2020-04-21 19:14:54
922,8c542c4f-2f31-49bf-ae5c-e185c1610bc3,Jeffrey,Douglas,richardedwards@yahoo.com,2020-07-18 15:25:39
923,b1dd224e-4cd2-43fa-a7fe-e48d654c6c64,Leah,Montoya,jason63@yahoo.com,2020-10-05 14:17:43
924,70fdf03a-52ff-44ca-a32f-30e35a7f01fb,Erica,Dillon,gabriel97@delacruz.biz,2020-08-03 05:31:17
925,3d7e01bb-3672-4143-97f2-26625768677f,Kimberly,Cruz,xshaw@vasquez.net,2020-12-01 07:10:19
926,d39dc93c-a3a2-45a3-bba1-d24cc8ca6d44,Christine,Garcia,uclark@watson.com,2020-07-27 09:47:04
927,e1e5eb01-29d5-4e07-b837-a421a9ad8449,Dylan,Brown,sarah60@gmail.com,2020-06-16 00:23:45
928,e3c6a714-bca3-4219-adaf-6d06961e6297,Lisa,Delacruz,woodsdarren@tucker.org,2020-09-06 10:12:30
929,6a40761e-5c7f-4c51-a8b0-473de28956ec,Katie,Robinson,johnsonthomas@hotmail.com,2020-08-04 19:35:14
930,178871c1-0000-4baf-bd48-a28e95ad1a59,Brittany,Jenkins,robertmalone@yahoo.com,2020-07-13 00:50:45
931,cd89a6f4-2fc8-44a5-b377-e5a20b5d9cce,Vanessa,Jackson,pagehannah@hotmail.com,2020-04-10 06:32:42
932,46d291df-b8a3-4560-80cf-a5fc398125a2,Michelle,Drake,toddjones@yahoo.com,2020-01-31 19:05:04
933,71f4b9ae-454c-435b-a3cf-d7d1087f875f,Larry,Anderson,wnielsen@hodges.org,2020-01-28 03:02:37
934,b91638ad-3573-44cd-90d2-cbb08fa2b0c1,Jacqueline,Adams,austingomez@green.com,2020-06-02 21:28:00
935,d121f317-1f83-4898-8920-ce4ff3e3d6f8,Victoria,Bell,wellsjorge@hotmail.com,2021-01-01 12:54:40
936,767e8f6f-bd7b-43ac-bd27-a1e230225cf9,John,Crosby,shelly40@gmail.com,2020-06-20 06:00:53
937,8acf506d-c1bb-46a9-9170-425a8a0fce4c,Charles,Williams,kenneth93@mendoza-ramos.com,2020-02-16 20:20:15
938,b106e637-1016-4ab2-a255-a2cb7a2d8294,Jimmy,Fitzgerald,williamsjonathan@harris-williams.com,2020-01-30 11:50:32
939,92c71e8d-3b77-4d8a-9ba6-89aa1f23bbbd,Edward,Castillo,donald96@gmail.com,2020-10-06 17:00:20
940,ca6dc2a0-d08b-4287-9df7-53a51269cd54,Samuel,Robinson,williamhughes@hotmail.com,2020-05-31 21:03:12
941,891364a7-c372-4e71-8a45-c177ccb42792,Jeffrey,Huang,marylawrence@yahoo.com,2020-09-06 23:02:19
942,72ed1393-dcd1-4e4a-b9e3-65a436ab0ec2,Jonathan,Curry,wilsonbenjamin@evans.com,2020-08-10 15:33:44
943,a3175b1e-61a8-44dc-baa2-a84ea74f17f1,Danielle,Noble,jsandoval@gmail.com,2020-12-09 12:08:12
944,ee8ff87a-b87b-4540-ab94-870de6ed2d2f,Lisa,Phillips,dylanmiller@myers-thomas.biz,2020-03-02 20:02:55
945,cf9f6ead-6bf9-462c-8173-cb602dd7cb16,Tammy,Cruz,andersonbrian@fernandez.com,2020-06-27 23:24:46
946,4bed1ec7-8b3c-449b-b110-45576e1a42fb,Mercedes,Carlson,robertsscott@cervantes-medina.com,2021-01-03 11:29:20
947,4ad7af28-c1cc-4a69-ab4e-986c2d612f7c,Janice,Kelly,millerjennifer@nelson.net,2021-01-05 23:42:20
948,2006bd46-f11b-46fa-b43f-2a138a7f3043,Steven,Williams,mwright@hotmail.com,2020-10-16 11:17:50
949,5ea209c9-8707-49d7-b702-1d092c116566,Cheryl,Miller,hsmith@anderson-martinez.com,2020-10-16 03:07:27
950,4ce2b433-b9f2-4d3f-ab0a-94d767038d2a,Rachel,Rose,carrie63@yahoo.com,2020-02-09 06:28:10
951,6bb93ab4-11b6-4ac3-8543-82e30112c4b9,Cathy,Bailey,andersonsteven@yahoo.com,2020-06-23 12:42:42
952,9cd50136-1294-444e-afef-483c9bcff368,Alicia,Salas,hoodpaula@gmail.com,2020-11-12 04:10:43
953,fc78a06f-65b4-4ef3-b10b-00a8b3210d9d,Rebecca,Wong,troy09@gmail.com,2020-03-16 06:27:48
954,8084443d-e815-450b-b0bd-805fb51e5fa1,Michael,Ford,tguerrero@yahoo.com,2021-01-02 08:05:32
955,a48340a1-7881-4911-aa6c-da5572894be2,Melissa,Smith,gibsonalicia@gmail.com,2020-09-20 08:49:39
956,d279ca8e-8d97-4055-9a53-c31764e0f48c,Christina,Arias,waltersjulie@howard.org,2021-01-14 04:09:44
957,258864f7-e39b-4485-8ccb-8551a48aa1f1,Cynthia,Rodriguez,kaitlyn79@riley.com,2020-10-28 11:59:12
958,4a694485-1873-4b3f-942d-2ebd4c7fcc12,Kiara,Hernandez,christophermoore@gonzalez.com,2020-05-30 19:57:44
959,aba57eeb-f9de-4d74-9453-2fd510fd0397,Julie,Lopez,lgarcia@gmail.com,2020-08-22 06:44:47
960,16a774e5-e99e-47ec-a8ad-276aa0a9c3f6,Rebekah,Bennett,joseph05@castro.com,2020-09-26 06:47:12
961,824c286c-159f-4e55-aa92-b37ce9e92358,Joseph,Acosta,xperez@hotmail.com,2020-10-26 10:44:47
962,ec6ebcfa-d6a7-4f4d-83e4-b1ac996dd972,Jennifer,Davis,leslie14@hotmail.com,2020-07-15 02:33:38
963,9f3ba567-680c-4f18-b0af-5fb5b8a9b70f,Kimberly,Young,crawfordlogan@hotmail.com,2020-04-07 15:45:17
964,1f5cee39-0e20-4ece-ab66-ac1df28f29db,Matthew,Zimmerman,kennethbruce@suarez-webb.com,2020-09-26 17:40:54
965,1c9b66bc-bbf4-45fe-97de-c8301631e71c,Ryan,Silva,stewartsean@brown-gallagher.com,2020-11-17 22:33:54
966,b491e58c-c9cc-41ac-b0f7-9f05bb0122b2,Brad,Hart,gwendolyn95@johnson.org,2020-06-29 02:16:12
967,2f283d02-adab-4bcd-9c97-e9c54e4300a9,Joshua,Oliver,kleinelizabeth@yahoo.com,2020-08-29 03:21:54
968,231277a7-e15b-440d-b1bb-c2eb04e62cee,David,Moran,fletcherchristopher@johnson.com,2020-12-11 08:45:14
969,a6c947ac-e154-478c-ac5b-f3a3f5edcaf9,Daniel,Washington,williamboyle@gmail.com,2020-12-14 00:30:23
970,817aa76b-1fcb-4a75-8550-a2b06294c951,Cassie,Martin,uwright@hotmail.com,2020-10-06 05:31:04
971,f248b808-33f6-4c90-861b-3de0291458fe,Michael,Clarke,wconner@hotmail.com,2020-07-08 07:49:48
972,03bbf6f8-bbcd-4954-80bb-6ef515cadb5c,Jeffrey,Fuller,megan74@reeves-kirk.net,2020-05-25 08:29:51
973,1ba725d6-8530-4f79-bdca-2814fa203825,Kristi,Anderson,cuevasjoseph@hotmail.com,2020-06-26 07:20:31
974,e0351fe0-3d45-4354-8e2f-32ac3473e590,Jim,Farley,tracie27@freeman.com,2020-05-12 16:12:39
975,354bc502-2f12-4bfb-bd90-4c45fc680978,Sandra,Leonard,johnskathryn@scott.com,2020-12-08 23:20:03
976,2ff5a0f9-8400-42c1-95ff-0d1c7adf0a3a,David,Pollard,jenniferrosales@yahoo.com,2020-05-08 11:15:01
977,524cea5e-20ff-4683-9b88-9985316ddf6f,Shannon,Nguyen,johnsonmark@hansen-robertson.com,2020-11-17 18:40:45
978,760b9f45-2de1-44c1-9f12-9a14ddb086c4,Briana,Barnes,glenn03@hotmail.com,2020-02-17 06:03:57
979,41d12005-aa17-4b0e-a63e-e72683fe80e2,Melissa,Robinson,christina36@hotmail.com,2020-03-02 15:33:02
980,72053ffc-87e6-4d4a-bf46-027584fd54bd,Shawn,Carr,micheleknight@gmail.com,2020-05-29 18:58:42
981,4f79c6c9-046f-4013-91ff-9a69105dab4e,Victoria,Alexander,mcconnellmichael@scott.com,2020-07-28 07:57:19
982,2ef1fd13-7bea-40a9-8837-57be14aeaa8d,Michael,Monroe,fosterchristopher@randolph.com,2020-05-04 19:47:20
983,3e516c09-ca07-43b6-aa69-2217cf9d0162,Matthew,Wheeler,hthompson@cobb-riggs.com,2021-01-18 01:57:24
984,95e61ea3-7ef6-4ffb-8306-d1e92ed41bdb,Annette,Cooper,jamesburns@guzman-higgins.com,2020-03-07 16:54:11
985,699bebd7-cd06-4b21-a966-9407beed29b6,James,Hodges,daniellopez@gmail.com,2021-01-15 09:40:43
986,77f6a25f-d306-4c28-98ac-f1fb32609231,Amy,Hall,fwalton@smith.com,2020-08-05 10:49:36
987,ce8edf5a-585d-43a9-b6ef-48f7925fc3a8,Katherine,Thompson,uproctor@gmail.com,2020-03-25 15:00:49
988,5f127f39-6a5a-41e3-b6d2-baae0e26b799,Jacqueline,Newton,ymyers@bernard-gomez.com,2020-09-10 00:04:23
989,49a4d6ff-77a6-4f79-be0d-3299280314c4,Jonathan,Bentley,mcgeejennifer@robinson-williams.com,2020-12-13 08:50:02
990,9edde092-9c09-45f9-b036-b6d003f9093a,William,Anderson,barreratodd@marshall.com,2020-04-11 00:48:07
991,8301b899-09e8-464b-982b-1bd7bd2f5d07,Juan,Palmer,evansshari@mccall-bruce.org,2021-01-09 08:47:48
992,9ca3d98a-6a00-4451-83e9-3e8041297b58,Christopher,Martin,erica80@chaney.com,2020-09-24 07:22:44
993,c5eeb0f7-941a-444e-96f7-4cd86f95537f,Cheryl,Shelton,christophernelson@harris-skinner.com,2020-04-03 01:45:58
994,6bdc6b9b-1380-43df-9892-dc073ef91f11,Jacob,Sanchez,emilyduke@yahoo.com,2020-02-03 23:05:29
995,78104a17-f364-49a9-8a07-85c0385da6d0,Linda,Myers,bpeters@meza-alvarez.com,2020-05-18 23:21:22
996,fe0028a3-beb2-4dbd-9988-297f7cb0f4ea,Steve,Cook,smithsamantha@yahoo.com,2020-11-12 11:13:04
997,9bf4c383-00d1-4ef6-a556-7f6e93ac2fba,Tammy,Riggs,mario81@james.com,2020-02-15 09:02:47
998,e6406dd3-5da0-48a9-bb27-5c884ca96b4c,Jennifer,Davies,wrightmarvin@andrews-dyer.com,2020-07-05 04:37:53
999,6de3eaf6-f60f-4265-ac25-99c1f5ac3918,Jessica,Young,awillis@yahoo.com,2020-02-19 01:25:32
1000,0aca272b-4218-4163-b565-8c1b036261b7,Stephen,Henry,cbowers@hebert-hinton.com,2020-12-05 16:17:52
